-- phpMyAdmin SQL Dump
-- version 3.2.4
-- http://www.phpmyadmin.net
--
-- Host: localhost
-- Generation Time: Mar 24, 2011 at 01:31 PM
-- Server version: 5.1.41
-- PHP Version: 5.3.1

SET SQL_MODE="NO_AUTO_VALUE_ON_ZERO";


/*!40101 SET @OLD_CHARACTER_SET_CLIENT=@@CHARACTER_SET_CLIENT */;
/*!40101 SET @OLD_CHARACTER_SET_RESULTS=@@CHARACTER_SET_RESULTS */;
/*!40101 SET @OLD_COLLATION_CONNECTION=@@COLLATION_CONNECTION */;
/*!40101 SET NAMES utf8 */;

--
-- Database: `infokerja`
--

-- --------------------------------------------------------

--
-- Table structure for table `admin`
--

CREATE TABLE IF NOT EXISTS `admin` (
  `id` int(11) NOT NULL AUTO_INCREMENT,
  `username` varchar(45) DEFAULT NULL,
  `password` varchar(45) DEFAULT NULL,
  `userlevel` varchar(45) DEFAULT NULL,
  `date_add` datetime DEFAULT NULL,
  `date_update` datetime DEFAULT NULL,
  `status` int(11) DEFAULT NULL,
  `country_id` varchar(2) DEFAULT NULL,
  PRIMARY KEY (`id`)
) ENGINE=MyISAM  DEFAULT CHARSET=latin1 AUTO_INCREMENT=3 ;

--
-- Dumping data for table `admin`
--

INSERT INTO `admin` (`id`, `username`, `password`, `userlevel`, `date_add`, `date_update`, `status`, `country_id`) VALUES
(1, 'superadmin', '1', 'superadmin', '2011-03-12 22:53:00', '2011-03-12 22:53:00', 1, 'ID'),
(2, 'admin', '1', 'admin', '2011-03-12 22:53:00', '2011-03-12 22:53:00', 1, 'ID');

-- --------------------------------------------------------

--
-- Table structure for table `companies`
--

CREATE TABLE IF NOT EXISTS `companies` (
  `comp_id` int(10) unsigned NOT NULL AUTO_INCREMENT,
  `industry_id` tinyint(3) unsigned NOT NULL,
  `name` varchar(100) DEFAULT NULL,
  `cp` varchar(100) DEFAULT NULL,
  `description` varchar(255) DEFAULT NULL,
  `address1` varchar(255) DEFAULT NULL,
  `address2` varchar(255) DEFAULT NULL,
  `loc_id` int(10) DEFAULT NULL,
  `pos_lat` varchar(20) DEFAULT NULL,
  `pos_lng` varchar(20) DEFAULT NULL,
  `tel` varchar(20) DEFAULT NULL,
  `fax` varchar(20) DEFAULT NULL,
  `email` varchar(100) DEFAULT NULL,
  `status` tinyint(1) unsigned DEFAULT NULL,
  `date_add` datetime DEFAULT NULL,
  `date_update` datetime DEFAULT NULL,
  `country_id` varchar(2) DEFAULT 'ID',
  PRIMARY KEY (`comp_id`),
  KEY `index_employer` (`comp_id`,`industry_id`)
) ENGINE=MyISAM  DEFAULT CHARSET=latin1 AUTO_INCREMENT=8 ;

--
-- Dumping data for table `companies`
--

INSERT INTO `companies` (`comp_id`, `industry_id`, `name`, `cp`, `description`, `address1`, `address2`, `loc_id`, `pos_lat`, `pos_lng`, `tel`, `fax`, `email`, `status`, `date_add`, `date_update`, `country_id`) VALUES
(1, 1, 'PT. Bank Central Asia', NULL, 'a.k.a. BCA', 'Jl. Sudirman no. 1', NULL, 7, NULL, NULL, '021-123', '021-234', 'hrd@bca.com', 1, '2011-03-03 00:00:00', '2011-03-03 00:00:00', 'ID'),
(2, 2, 'PT. Starbucks Indonesia', NULL, 'Starbucks', 'Jl. Kelapa Gading Barat No. 1', NULL, 19, '-6.35496816186', '106.684613154', '021-987', '021-876', 'hrd@starbucks.com', 1, '2011-03-03 00:00:00', '2011-03-03 00:00:00', 'ID'),
(4, 4, 'PT. Carrefour Indonesia', NULL, 'Carrefour', 'Jl. Manggarai II No. 7', NULL, 27, NULL, NULL, '021-765', '021-654', 'hrd@carrefour.com', 1, '2011-03-03 00:00:00', '2011-03-03 00:00:00', 'ID'),
(5, 5, 'PT. Electronic City', NULL, 'Electronic City', 'Jl. Grogol Selatan 8 No. 1', NULL, 25, NULL, NULL, '021-654', '021-543', 'hrd@electronic-city.com', 1, '2011-03-03 00:00:00', '2011-03-03 00:00:00', 'ID'),
(6, 10, 'Grameen', 'Anggun', '', '1', '', 20, NULL, NULL, '', '', '1@1.com', 1, '2011-03-09 10:59:21', '2011-03-09 10:59:21', 'ID'),
(7, 3, 'PT. SAMSUNG INDONESIA', 'MR. SAMSU', '', 'Jl. Tomang Raya No. 1', '', NULL, '-6.216578256667494', '106.83487231738286', '62213245798', '', 'hrd@samsung.co.id', 1, '2011-03-22 18:29:58', '2011-03-22 18:29:58', 'ID');

-- --------------------------------------------------------

--
-- Table structure for table `contents`
--

CREATE TABLE IF NOT EXISTS `contents` (
  `content_id` tinyint(4) NOT NULL,
  `title` varchar(100) DEFAULT NULL,
  `date_add` datetime DEFAULT NULL,
  `date_update` datetime DEFAULT NULL,
  `status` tinyint(1) DEFAULT NULL,
  `position` tinyint(2) DEFAULT NULL,
  PRIMARY KEY (`content_id`),
  KEY `index_content` (`content_id`)
) ENGINE=MyISAM DEFAULT CHARSET=latin1;

--
-- Dumping data for table `contents`
--


-- --------------------------------------------------------

--
-- Table structure for table `content_position`
--

CREATE TABLE IF NOT EXISTS `content_position` (
  `id` int(11) NOT NULL,
  `pos` varchar(50) NOT NULL
) ENGINE=MyISAM DEFAULT CHARSET=latin1;

--
-- Dumping data for table `content_position`
--

INSERT INTO `content_position` (`id`, `pos`) VALUES
(1, 'meta'),
(2, 'header_menu'),
(3, 'search_box'),
(4, 'header'),
(5, 'content'),
(6, 'sidebar');

-- --------------------------------------------------------

--
-- Table structure for table `country`
--

CREATE TABLE IF NOT EXISTS `country` (
  `country_id` varchar(2) NOT NULL,
  `country_name` varchar(100) DEFAULT NULL,
  `date_add` datetime DEFAULT NULL,
  `date_update` datetime DEFAULT NULL,
  `is_current` tinyint(1) DEFAULT NULL,
  PRIMARY KEY (`country_id`)
) ENGINE=MyISAM DEFAULT CHARSET=latin1;

--
-- Dumping data for table `country`
--

INSERT INTO `country` (`country_id`, `country_name`, `date_add`, `date_update`, `is_current`) VALUES
('ID', 'Indonesia', '2011-03-07 13:37:00', '2011-03-08 09:48:27', 1),
('SG', 'Singapore', '2011-03-07 13:37:00', '2011-03-07 13:37:00', 0),
('JP', 'Japan', '2011-03-07 16:04:55', '2011-03-07 16:04:55', 0),
('HK', 'Hong Kong', '2011-03-07 16:15:57', '2011-03-07 16:15:57', 0),
('AU', 'Australia', '2011-03-07 17:57:32', '2011-03-07 17:57:32', 0),
('i8', 'Indonesia 3', '2011-03-08 09:39:44', '2011-03-08 09:51:30', 0);

-- --------------------------------------------------------

--
-- Table structure for table `education`
--

CREATE TABLE IF NOT EXISTS `education` (
  `edu_id` int(11) NOT NULL AUTO_INCREMENT,
  `edu_title` varchar(100) DEFAULT NULL,
  `status` tinyint(1) DEFAULT NULL,
  `date_add` datetime DEFAULT NULL,
  `date_update` datetime DEFAULT NULL,
  `country_id` varchar(2) DEFAULT NULL,
  PRIMARY KEY (`edu_id`)
) ENGINE=MyISAM  DEFAULT CHARSET=latin1 AUTO_INCREMENT=7 ;

--
-- Dumping data for table `education`
--

INSERT INTO `education` (`edu_id`, `edu_title`, `status`, `date_add`, `date_update`, `country_id`) VALUES
(1, 'No Education', 1, NULL, NULL, 'ID'),
(2, 'SD', 1, NULL, NULL, 'ID'),
(3, 'SLTP', 1, NULL, NULL, 'ID'),
(4, 'SLTA', 1, NULL, NULL, 'ID'),
(5, 'Diploma', 1, NULL, NULL, 'ID'),
(6, 'Sarjana', 1, NULL, NULL, 'ID');

-- --------------------------------------------------------

--
-- Table structure for table `industry`
--

CREATE TABLE IF NOT EXISTS `industry` (
  `industry_id` tinyint(3) unsigned NOT NULL AUTO_INCREMENT,
  `industry_title` varchar(100) DEFAULT NULL,
  `description` varchar(255) DEFAULT NULL,
  `date_add` datetime DEFAULT NULL,
  `date_update` datetime DEFAULT NULL,
  `status` tinyint(1) unsigned DEFAULT NULL,
  `country_id` varchar(2) DEFAULT 'ID',
  PRIMARY KEY (`industry_id`)
) ENGINE=MyISAM  DEFAULT CHARSET=latin1 AUTO_INCREMENT=14 ;

--
-- Dumping data for table `industry`
--

INSERT INTO `industry` (`industry_id`, `industry_title`, `description`, `date_add`, `date_update`, `status`, `country_id`) VALUES
(4, 'Banking', 'Bank', '2011-03-06 23:07:19', '2011-03-07 09:21:03', 1, 'ID'),
(1, 'Food & Beverage 2', 'Makanan & Minuman', '2011-03-03 00:00:00', '2011-03-07 09:21:03', 1, 'ID'),
(2, 'Retail', 'Toko Ritel', '2011-03-03 00:00:00', '2011-03-07 09:21:03', 1, 'ID'),
(3, 'Electronic', 'Elektronik', '2011-03-03 00:00:00', '2011-03-07 09:21:03', 1, 'ID'),
(6, 'Service', 'Jasa', '2011-03-06 23:28:15', '2011-03-07 09:21:03', 1, 'ID'),
(12, 'Telco', '', '2011-03-07 16:12:50', '2011-03-07 16:12:50', 1, 'ID'),
(7, 'Automotive 2', 'Otomotif', '2011-03-06 23:28:32', '2011-03-07 09:21:03', 1, 'ID'),
(10, 'Garment 5', '', '2011-03-06 23:37:23', '2011-03-07 09:21:03', 1, 'ID');

-- --------------------------------------------------------

--
-- Table structure for table `jobs`
--

CREATE TABLE IF NOT EXISTS `jobs` (
  `job_id` int(10) unsigned NOT NULL AUTO_INCREMENT,
  `jobcat_id` int(2) DEFAULT NULL,
  `jobposter_id` int(11) DEFAULT NULL,
  `company_name` varchar(100) DEFAULT NULL,
  `title` varchar(255) DEFAULT NULL,
  `description` varchar(255) DEFAULT NULL,
  `loc_id` int(11) DEFAULT NULL,
  `pos_lat` varchar(20) DEFAULT NULL,
  `pos_lng` varchar(20) DEFAULT NULL,
  `jobtype_id` int(3) DEFAULT NULL,
  `gender` varchar(1) DEFAULT NULL,
  `edu_min` int(10) unsigned DEFAULT NULL,
  `age_min` tinyint(2) unsigned DEFAULT NULL,
  `age_max` tinyint(2) unsigned DEFAULT NULL,
  `exp_min` tinyint(2) unsigned DEFAULT NULL,
  `salary_min` int(10) unsigned DEFAULT NULL,
  `salary_max` int(10) unsigned DEFAULT NULL,
  `status` tinyint(1) unsigned DEFAULT NULL,
  `date_add` datetime DEFAULT NULL,
  `date_update` datetime DEFAULT NULL,
  `date_lastsent` datetime DEFAULT NULL,
  `date_active` date DEFAULT NULL,
  `date_expired` date DEFAULT NULL,
  `n_send` int(11) DEFAULT NULL,
  `n_applied` int(11) DEFAULT NULL,
  `country_id` varchar(2) DEFAULT 'ID',
  PRIMARY KEY (`job_id`)
) ENGINE=MyISAM  DEFAULT CHARSET=latin1 AUTO_INCREMENT=202 ;

--
-- Dumping data for table `jobs`
--

INSERT INTO `jobs` (`job_id`, `jobcat_id`, `jobposter_id`, `company_name`, `title`, `description`, `loc_id`, `pos_lat`, `pos_lng`, `jobtype_id`, `gender`, `edu_min`, `age_min`, `age_max`, `exp_min`, `salary_min`, `salary_max`, `status`, `date_add`, `date_update`, `date_lastsent`, `date_active`, `date_expired`, `n_send`, `n_applied`, `country_id`) VALUES
(1, 8, 1, NULL, 'IT 1', '', 22, '-6.1777423557746', '106.78308992989', NULL, NULL, NULL, NULL, NULL, NULL, 1000000, NULL, 1, '2011-02-22 00:00:00', '2011-02-22 00:00:00', '0000-00-00 00:00:00', NULL, NULL, 5, 0, 'ID'),
(2, 11, 2, NULL, 'Teacher 1', '', 32, '-6.2715203302128', '106.98511539032', NULL, NULL, NULL, NULL, NULL, NULL, 1000000, NULL, 1, '2011-02-22 00:00:00', '2011-02-22 00:00:00', '0000-00-00 00:00:00', NULL, NULL, 7, 0, 'ID'),
(3, 7, 2, NULL, 'Babysitter 1', '', 33, '-6.3281976382217', '106.78717151494', NULL, NULL, NULL, NULL, NULL, NULL, 1000000, NULL, 1, '2011-02-22 00:00:00', '2011-02-22 00:00:00', '0000-00-00 00:00:00', NULL, NULL, 0, 0, 'ID'),
(4, 11, 2, NULL, 'Teacher 2', '', 30, '-6.109061682664', '106.77885267515', NULL, NULL, NULL, NULL, NULL, NULL, 1000000, NULL, 1, '2011-02-22 00:00:00', '2011-02-22 00:00:00', '0000-00-00 00:00:00', NULL, NULL, 2, 0, 'ID'),
(5, 8, 2, NULL, 'IT 2', '', 35, '-6.0498080977443', '106.74854784032', NULL, NULL, NULL, NULL, NULL, NULL, 1000000, NULL, 1, '2011-02-22 00:00:00', '2011-02-22 00:00:00', '0000-00-00 00:00:00', NULL, NULL, 0, 0, 'ID'),
(6, 11, 1, NULL, 'Teacher 3', '', 35, '-6.2217702230714', '106.6859305543', NULL, NULL, NULL, NULL, NULL, NULL, 1000000, NULL, 1, '2011-02-22 00:00:00', '2011-02-22 00:00:00', '0000-00-00 00:00:00', NULL, NULL, 1, 0, 'ID'),
(7, 11, 1, NULL, 'Teacher 4', '', 35, '-6.279238519259', '106.67359190226', NULL, NULL, NULL, NULL, NULL, NULL, 1000000, NULL, 1, '2011-02-22 00:00:00', '2011-02-22 00:00:00', '0000-00-00 00:00:00', NULL, NULL, 1, 0, 'ID'),
(8, 10, 2, NULL, 'Courier 1', '', 24, '-6.3340901055543', '106.64043601767', NULL, NULL, NULL, NULL, NULL, NULL, 1000000, NULL, 1, '2011-02-22 00:00:00', '2011-02-22 00:00:00', '0000-00-00 00:00:00', NULL, NULL, 2, 0, 'ID'),
(9, 2, 1, NULL, 'Nurse 1', '', 25, '-6.0235323385558', '106.9337338137', NULL, NULL, NULL, NULL, NULL, NULL, 1000000, NULL, 1, '2011-02-22 00:00:00', '2011-02-22 00:00:00', '0000-00-00 00:00:00', NULL, NULL, 10, 0, 'ID'),
(10, 11, 2, NULL, 'Teacher 5', '', 32, '-6.2407103294918', '106.61013437722', NULL, NULL, NULL, NULL, NULL, NULL, 1000000, NULL, 1, '2011-02-22 00:00:00', '2011-02-22 00:00:00', '0000-00-00 00:00:00', NULL, NULL, 1, 0, 'ID'),
(11, 3, 2, NULL, 'Maid 1', '', 35, '-6.136812929431', '106.89464390216', NULL, NULL, NULL, NULL, NULL, NULL, 1000000, NULL, 1, '2011-02-22 00:00:00', '2011-02-22 00:00:00', '0000-00-00 00:00:00', NULL, NULL, 7, 0, 'ID'),
(12, 1, 2, NULL, 'Driver 1', '', 34, '-6.1346059420333', '106.81084420191', NULL, NULL, NULL, NULL, NULL, NULL, 1000000, NULL, 1, '2011-02-22 00:00:00', '2011-02-22 00:00:00', '0000-00-00 00:00:00', NULL, NULL, 7, 0, 'ID'),
(13, 10, 2, NULL, 'Courier 2', '', 34, '-6.1460513253454', '106.91097176338', NULL, NULL, NULL, NULL, NULL, NULL, 1000000, NULL, 1, '2011-02-22 00:00:00', '2011-02-22 00:00:00', '0000-00-00 00:00:00', NULL, NULL, 8, 0, 'ID'),
(14, 7, 1, NULL, 'Babysitter 2', '', 41, '-6.3284052004644', '106.64806810453', NULL, NULL, NULL, NULL, NULL, NULL, 1000000, NULL, 1, '2011-02-22 00:00:00', '2011-02-22 00:00:00', '0000-00-00 00:00:00', NULL, NULL, 0, 0, 'ID'),
(15, 2, 2, NULL, 'Nurse 2', '', 28, '-6.3222872066326', '106.99696185895', NULL, NULL, NULL, NULL, NULL, NULL, 1000000, NULL, 1, '2011-02-22 00:00:00', '2011-02-22 00:00:00', '0000-00-00 00:00:00', NULL, NULL, 12, 0, 'ID'),
(16, 5, 1, NULL, 'Office Boy / Girl 1', '', 28, '-6.2901735694202', '106.93703260708', NULL, NULL, NULL, NULL, NULL, NULL, 1000000, NULL, 1, '2011-02-22 00:00:00', '2011-02-22 00:00:00', '0000-00-00 00:00:00', NULL, NULL, 10, 0, 'ID'),
(17, 7, 2, NULL, 'Babysitter 3', '', 33, '-6.3408079128542', '106.7887458755', NULL, NULL, NULL, NULL, NULL, NULL, 1000000, NULL, 1, '2011-02-22 00:00:00', '2011-02-22 00:00:00', '0000-00-00 00:00:00', NULL, NULL, 0, 0, 'ID'),
(18, 9, 2, NULL, 'Security 1', '', 32, '-6.0626020797191', '106.66514761651', NULL, NULL, NULL, NULL, NULL, NULL, 1000000, NULL, 1, '2011-02-22 00:00:00', '2011-02-22 00:00:00', '0000-00-00 00:00:00', NULL, NULL, 3, 0, 'ID'),
(19, 5, 2, NULL, 'Office Boy / Girl 2', '', 31, '-6.2817301884159', '106.77084198418', NULL, NULL, NULL, NULL, NULL, NULL, 1000000, NULL, 1, '2011-02-22 00:00:00', '2011-02-22 00:00:00', '0000-00-00 00:00:00', NULL, NULL, 3, 0, 'ID'),
(20, 7, 2, NULL, 'Babysitter 4', '', 26, '-6.3040651001106', '106.83783524632', NULL, NULL, NULL, NULL, NULL, NULL, 1000000, NULL, 1, '2011-02-22 00:00:00', '2011-02-22 00:00:00', '0000-00-00 00:00:00', NULL, NULL, 0, 0, 'ID'),
(21, 2, 2, NULL, 'Nurse 3', '', 39, '-6.2465558293138', '106.70779658664', NULL, NULL, NULL, NULL, NULL, NULL, 1000000, NULL, 1, '2011-02-22 00:00:00', '2011-02-22 00:00:00', '0000-00-00 00:00:00', NULL, NULL, 2, 0, 'ID'),
(22, 2, 2, NULL, 'Nurse 4', '', 22, '-6.2312707411603', '106.62707794326', NULL, NULL, NULL, NULL, NULL, NULL, 1000000, NULL, 1, '2011-02-22 00:00:00', '2011-02-22 00:00:00', '0000-00-00 00:00:00', NULL, NULL, 0, 0, 'ID'),
(23, 10, 1, NULL, 'Courier 3', '', 38, '-6.1161843378081', '106.67814928528', NULL, NULL, NULL, NULL, NULL, NULL, 1000000, NULL, 1, '2011-02-22 00:00:00', '2011-02-22 00:00:00', '0000-00-00 00:00:00', NULL, NULL, 2, 0, 'ID'),
(24, 4, 1, NULL, 'Office Administrator 1', '', 20, '-6.1910065618682', '106.92648363831', NULL, NULL, NULL, NULL, NULL, NULL, 1000000, NULL, 1, '2011-02-22 00:00:00', '2011-02-22 00:00:00', '0000-00-00 00:00:00', NULL, NULL, 7, 0, 'ID'),
(25, 3, 1, NULL, 'Maid 2', '', 22, '-6.0597638647617', '106.89361174628', NULL, NULL, NULL, NULL, NULL, NULL, 1000000, NULL, 1, '2011-02-22 00:00:00', '2011-02-22 00:00:00', '0000-00-00 00:00:00', NULL, NULL, 3, 0, 'ID'),
(26, 5, 2, NULL, 'Office Boy / Girl 3', '', 30, '-6.3387396699854', '106.67354234277', NULL, NULL, NULL, NULL, NULL, NULL, 1000000, NULL, 1, '2011-02-22 00:00:00', '2011-02-22 00:00:00', '0000-00-00 00:00:00', NULL, NULL, 1, 0, 'ID'),
(27, 3, 2, NULL, 'Maid 3', '', 20, '-6.1677952564075', '106.88186757833', NULL, NULL, NULL, NULL, NULL, NULL, 1000000, NULL, 1, '2011-02-22 00:00:00', '2011-02-22 00:00:00', '0000-00-00 00:00:00', NULL, NULL, 4, 0, 'ID'),
(28, 4, 2, NULL, 'Office Administrator 2', '', 29, '-6.1525385431942', '106.65584316408', NULL, NULL, NULL, NULL, NULL, NULL, 1000000, NULL, 1, '2011-02-22 00:00:00', '2011-02-22 00:00:00', '0000-00-00 00:00:00', NULL, NULL, 4, 0, 'ID'),
(29, 7, 1, NULL, 'Babysitter 5', '', 25, '-6.2308854208125', '106.64631955043', NULL, NULL, NULL, NULL, NULL, NULL, 1000000, NULL, 1, '2011-02-22 00:00:00', '2011-02-22 00:00:00', '0000-00-00 00:00:00', NULL, NULL, 1, 0, 'ID'),
(30, 5, 1, NULL, 'Office Boy / Girl 4', '', 26, '-6.2739505010156', '107.00526978121', NULL, NULL, NULL, NULL, NULL, NULL, 1000000, NULL, 1, '2011-02-22 00:00:00', '2011-02-22 00:00:00', '0000-00-00 00:00:00', NULL, NULL, 9, 0, 'ID'),
(31, 3, 1, NULL, 'Maid 4', '', 42, '-6.0195205984994', '106.64267533815', NULL, NULL, NULL, NULL, NULL, NULL, 1000000, NULL, 1, '2011-02-22 00:00:00', '2011-02-22 00:00:00', '0000-00-00 00:00:00', NULL, NULL, 2, 0, 'ID'),
(32, 6, 2, NULL, 'Technician 1', '', 22, '-6.3439236820444', '106.64603091051', NULL, NULL, NULL, NULL, NULL, NULL, 1000000, NULL, 1, '2011-02-22 00:00:00', '2011-02-22 00:00:00', '0000-00-00 00:00:00', NULL, NULL, 0, 0, 'ID'),
(33, 10, 1, NULL, 'Courier 4', '', 41, '-6.3081563377732', '106.92840853227', NULL, NULL, NULL, NULL, NULL, NULL, 1000000, NULL, 1, '2011-02-22 00:00:00', '2011-02-22 00:00:00', '0000-00-00 00:00:00', NULL, NULL, 6, 0, 'ID'),
(34, 11, 2, NULL, 'Teacher 6', '', 28, '-6.2126426613191', '106.90444902002', NULL, NULL, NULL, NULL, NULL, NULL, 1000000, NULL, 1, '2011-02-22 00:00:00', '2011-02-22 00:00:00', '0000-00-00 00:00:00', NULL, NULL, 8, 0, 'ID'),
(35, 8, 2, NULL, 'IT 3', '', 26, '-6.2750878328877', '106.94524041339', NULL, NULL, NULL, NULL, NULL, NULL, 1000000, NULL, 1, '2011-02-22 00:00:00', '2011-02-22 00:00:00', '0000-00-00 00:00:00', NULL, NULL, 5, 0, 'ID'),
(36, 6, 2, NULL, 'Technician 2', '', 19, '-6.3574054512316', '106.9072851008', NULL, NULL, NULL, NULL, NULL, NULL, 1000000, NULL, 1, '2011-02-22 00:00:00', '2011-02-22 00:00:00', '0000-00-00 00:00:00', NULL, NULL, 11, 0, 'ID'),
(37, 1, 2, NULL, 'Driver 2', '', 40, '-6.2192949782078', '106.8822909197', NULL, NULL, NULL, NULL, NULL, NULL, 1000000, NULL, 1, '2011-02-22 00:00:00', '2011-02-22 00:00:00', '0000-00-00 00:00:00', NULL, NULL, 7, 0, 'ID'),
(38, 7, 2, NULL, 'Babysitter 6', '', 30, '-6.2892128281194', '107.02049433391', NULL, NULL, NULL, NULL, NULL, NULL, 1000000, NULL, 1, '2011-02-22 00:00:00', '2011-02-22 00:00:00', '0000-00-00 00:00:00', NULL, NULL, 3, 0, 'ID'),
(39, 3, 2, NULL, 'Maid 5', '', 39, '-6.3041755589539', '106.91170612262', NULL, NULL, NULL, NULL, NULL, NULL, 1000000, NULL, 1, '2011-02-22 00:00:00', '2011-02-22 00:00:00', '0000-00-00 00:00:00', NULL, NULL, 3, 0, 'ID'),
(40, 1, 2, NULL, 'Driver 3', '', 36, '-6.0852889531714', '106.71917786047', NULL, NULL, NULL, NULL, NULL, NULL, 1000000, NULL, 1, '2011-02-22 00:00:00', '2011-02-22 00:00:00', '0000-00-00 00:00:00', NULL, NULL, 2, 0, 'ID'),
(41, 8, 2, NULL, 'IT 4', '', 41, '-6.1252160842527', '106.87318729681', NULL, NULL, NULL, NULL, NULL, NULL, 1000000, NULL, 1, '2011-02-22 00:00:00', '2011-02-22 00:00:00', '0000-00-00 00:00:00', NULL, NULL, 5, 0, 'ID'),
(42, 3, 2, NULL, 'Maid 6', '', 25, '-6.0329068270454', '106.78295202271', NULL, NULL, NULL, NULL, NULL, NULL, 1000000, NULL, 1, '2011-02-22 00:00:00', '2011-02-22 00:00:00', '0000-00-00 00:00:00', NULL, NULL, 3, 0, 'ID'),
(43, 8, 2, NULL, 'IT 5', '', 26, '-6.193647302441', '106.76757749287', NULL, NULL, NULL, NULL, NULL, NULL, 1000000, NULL, 1, '2011-02-22 00:00:00', '2011-02-22 00:00:00', '0000-00-00 00:00:00', NULL, NULL, 0, 0, 'ID'),
(44, 11, 2, NULL, 'Teacher 7', '', 20, '-6.1026027768276', '106.85148511966', NULL, NULL, NULL, NULL, NULL, NULL, 1000000, NULL, 1, '2011-02-22 00:00:00', '2011-02-22 00:00:00', '0000-00-00 00:00:00', NULL, NULL, 8, 0, 'ID'),
(45, 7, 2, NULL, 'Babysitter 7', '', 37, '-6.2961574207938', '106.99150555451', NULL, NULL, NULL, NULL, NULL, NULL, 1000000, NULL, 1, '2011-02-22 00:00:00', '2011-02-22 00:00:00', '0000-00-00 00:00:00', NULL, NULL, 3, 0, 'ID'),
(46, 7, 2, NULL, 'Babysitter 8', '', 32, '-6.2355991429356', '106.89040972496', NULL, NULL, NULL, NULL, NULL, NULL, 1000000, NULL, 1, '2011-02-22 00:00:00', '2011-02-22 00:00:00', '0000-00-00 00:00:00', NULL, NULL, 4, 0, 'ID'),
(47, 9, 2, NULL, 'Security 2', '', 29, '-6.0742080818428', '106.70298174', NULL, NULL, NULL, NULL, NULL, NULL, 1000000, NULL, 1, '2011-02-22 00:00:00', '2011-02-22 00:00:00', '0000-00-00 00:00:00', NULL, NULL, 13, 0, 'ID'),
(48, 11, 2, NULL, 'Teacher 8', '', 37, '-6.0783962988152', '106.98116712294', NULL, NULL, NULL, NULL, NULL, NULL, 1000000, NULL, 1, '2011-02-22 00:00:00', '2011-02-22 00:00:00', '0000-00-00 00:00:00', NULL, NULL, 7, 0, 'ID'),
(49, 7, 2, NULL, 'Babysitter 9', '', 22, '-6.2541302720412', '106.76290101383', NULL, NULL, NULL, NULL, NULL, NULL, 1000000, NULL, 1, '2011-02-22 00:00:00', '2011-02-22 00:00:00', '0000-00-00 00:00:00', NULL, NULL, 1, 0, 'ID'),
(50, 5, 2, NULL, 'Office Boy / Girl 5', '', 21, '-6.0168989189233', '106.8894069907', NULL, NULL, NULL, NULL, NULL, NULL, 1000000, NULL, 1, '2011-02-22 00:00:00', '2011-02-22 00:00:00', '0000-00-00 00:00:00', NULL, NULL, 3, 0, 'ID'),
(51, 3, 2, NULL, 'Maid 7', '', 19, '-6.2823016836108', '106.94915939847', NULL, NULL, NULL, NULL, NULL, NULL, 1000000, NULL, 1, '2011-02-22 00:00:00', '2011-02-22 00:00:00', '0000-00-00 00:00:00', NULL, NULL, 5, 0, 'ID'),
(52, 10, 2, NULL, 'Courier 5', '', 33, '-6.1389194999319', '106.8854139207', NULL, NULL, NULL, NULL, NULL, NULL, 1000000, NULL, 1, '2011-02-22 00:00:00', '2011-02-22 00:00:00', '0000-00-00 00:00:00', NULL, NULL, 8, 0, 'ID'),
(53, 4, 2, NULL, 'Office Administrator 3', '', 38, '-6.2263897396804', '106.94632861303', NULL, NULL, NULL, NULL, NULL, NULL, 1000000, NULL, 1, '2011-02-22 00:00:00', '2011-02-22 00:00:00', '0000-00-00 00:00:00', NULL, NULL, 5, 0, 'ID'),
(54, 6, 2, NULL, 'Technician 3', '', 34, '-6.0658850992102', '106.8271598527', NULL, NULL, NULL, NULL, NULL, NULL, 1000000, NULL, 1, '2011-02-22 00:00:00', '2011-02-22 00:00:00', '0000-00-00 00:00:00', NULL, NULL, 11, 0, 'ID'),
(55, 10, 2, NULL, 'Courier 6', '', 37, '-6.1113876962239', '106.72135985602', NULL, NULL, NULL, NULL, NULL, NULL, 1000000, NULL, 1, '2011-02-22 00:00:00', '2011-02-22 00:00:00', '0000-00-00 00:00:00', NULL, NULL, 3, 0, 'ID'),
(56, 3, 2, NULL, 'Maid 8', '', 25, '-6.3513265936208', '106.6494276766', NULL, NULL, NULL, NULL, NULL, NULL, 1000000, NULL, 1, '2011-02-22 00:00:00', '2011-02-22 00:00:00', '0000-00-00 00:00:00', NULL, NULL, 3, 0, 'ID'),
(57, 7, 2, NULL, 'Babysitter 10', '', 32, '-6.2759147515058', '106.99641205583', NULL, NULL, NULL, 25, 30, NULL, 1000000, NULL, 1, '2011-02-22 00:00:00', '2011-02-22 00:00:00', '0000-00-00 00:00:00', NULL, NULL, 3, 0, 'ID'),
(58, 6, 2, NULL, 'Technician 4', '', 41, '-6.0369350426043', '106.96642038806', NULL, NULL, NULL, NULL, NULL, NULL, 1000000, NULL, 1, '2011-02-22 00:00:00', '2011-02-22 00:00:00', '0000-00-00 00:00:00', NULL, NULL, 11, 0, 'ID'),
(59, 5, 2, NULL, 'Office Boy / Girl 6', '', 29, '-6.1884575127511', '106.8963231807', NULL, NULL, NULL, NULL, NULL, NULL, 1000000, NULL, 1, '2011-02-22 00:00:00', '2011-02-22 00:00:00', '0000-00-00 00:00:00', NULL, NULL, 12, 0, 'ID'),
(60, 1, 2, NULL, 'Driver 4', '', 33, '-6.0782750515616', '106.83149783505', NULL, NULL, NULL, NULL, NULL, NULL, 1000000, NULL, 1, '2011-02-22 00:00:00', '2011-02-22 00:00:00', '0000-00-00 00:00:00', NULL, NULL, 7, 0, 'ID'),
(61, 1, 2, NULL, 'Driver 5', '', 21, '-6.3383676118135', '106.9422807397', NULL, NULL, NULL, NULL, NULL, NULL, 1000000, NULL, 1, '2011-02-22 00:00:00', '2011-02-22 00:00:00', '0000-00-00 00:00:00', NULL, NULL, 5, 0, 'ID'),
(62, 3, 2, NULL, 'Maid 9', '', 35, '-6.1031903344816', '106.98094481267', NULL, NULL, NULL, NULL, NULL, NULL, 1000000, NULL, 1, '2011-02-22 00:00:00', '2011-02-22 00:00:00', '0000-00-00 00:00:00', NULL, NULL, 6, 0, 'ID'),
(63, 7, 2, NULL, 'Babysitter 11', '', 38, '-6.3452473285851', '106.73921617676', NULL, NULL, NULL, NULL, NULL, NULL, 1000000, NULL, 1, '2011-02-22 00:00:00', '2011-02-22 00:00:00', '0000-00-00 00:00:00', NULL, NULL, 0, 0, 'ID'),
(64, 10, 2, NULL, 'Courier 7', '', 25, '-6.1653723001385', '106.76501833505', NULL, NULL, NULL, NULL, NULL, NULL, 1000000, NULL, 1, '2011-02-22 00:00:00', '2011-02-22 00:00:00', '0000-00-00 00:00:00', NULL, NULL, 3, 0, 'ID'),
(65, 7, 2, NULL, 'Babysitter 12', '', 24, '-6.0729393114777', '107.00896331143', NULL, NULL, NULL, NULL, NULL, NULL, 1000000, NULL, 1, '2011-02-22 00:00:00', '2011-02-22 00:00:00', '0000-00-00 00:00:00', NULL, NULL, 3, 0, 'ID'),
(66, 4, 2, NULL, 'Office Administrator 4', '', 36, '-6.300996760115', '106.77211357426', NULL, NULL, NULL, NULL, NULL, NULL, 1000000, NULL, 1, '2011-02-22 00:00:00', '2011-02-22 00:00:00', '0000-00-00 00:00:00', NULL, NULL, 5, 0, 'ID'),
(67, 3, 2, NULL, 'Maid 10', '', 32, '-6.2535260592519', '106.96900284643', NULL, NULL, NULL, NULL, NULL, NULL, 1000000, NULL, 1, '2011-02-22 00:00:00', '2011-02-22 00:00:00', '0000-00-00 00:00:00', NULL, NULL, 6, 0, 'ID'),
(68, 6, 2, NULL, 'Technician 5', '', 20, '-6.0414200409546', '106.62111463459', NULL, NULL, NULL, NULL, NULL, NULL, 1000000, NULL, 1, '2011-02-22 00:00:00', '2011-02-22 00:00:00', '0000-00-00 00:00:00', NULL, NULL, 0, 0, 'ID'),
(69, 11, 2, NULL, 'Teacher 9', '', 33, '-6.2562436640988', '106.79700677946', NULL, NULL, NULL, NULL, NULL, NULL, 1000000, NULL, 1, '2011-02-22 00:00:00', '2011-02-22 00:00:00', '0000-00-00 00:00:00', NULL, NULL, 1, 0, 'ID'),
(70, 9, 2, NULL, 'Security 3', '', 36, '-6.1348123038336', '106.75296136304', NULL, NULL, NULL, NULL, NULL, NULL, 1000000, NULL, 1, '2011-02-22 00:00:00', '2011-02-22 00:00:00', '0000-00-00 00:00:00', NULL, NULL, 13, 0, 'ID'),
(71, 11, 2, NULL, 'Teacher 10', '', 32, '-6.2889350581345', '106.81820189261', NULL, NULL, NULL, NULL, NULL, NULL, 1000000, NULL, 1, '2011-02-22 00:00:00', '2011-02-22 00:00:00', '0000-00-00 00:00:00', NULL, NULL, 6, 0, 'ID'),
(72, 9, 2, NULL, 'Security 4', '', 36, '-6.089405451655', '107.01627288561', NULL, NULL, NULL, NULL, NULL, NULL, 1000000, NULL, 1, '2011-02-22 00:00:00', '2011-02-22 00:00:00', '0000-00-00 00:00:00', NULL, NULL, 13, 0, 'ID'),
(73, 9, 2, NULL, 'Security 5', '', 20, '-6.0437741546275', '107.00940584444', NULL, NULL, NULL, NULL, NULL, NULL, 1000000, NULL, 1, '2011-02-22 00:00:00', '2011-02-22 00:00:00', '0000-00-00 00:00:00', NULL, NULL, 12, 0, 'ID'),
(74, 1, 2, NULL, 'Driver 6', '', 30, '-6.1886669202848', '106.89201237797', NULL, NULL, NULL, NULL, NULL, NULL, 1000000, NULL, 1, '2011-02-22 00:00:00', '2011-02-22 00:00:00', '0000-00-00 00:00:00', NULL, NULL, 7, 0, 'ID'),
(75, 7, 2, NULL, 'Babysitter 13', '', 29, '-6.1300678437705', '106.60989491246', NULL, NULL, NULL, NULL, NULL, NULL, 1000000, NULL, 1, '2011-02-22 00:00:00', '2011-02-22 00:00:00', '0000-00-00 00:00:00', NULL, NULL, 1, 0, 'ID'),
(76, 5, 2, NULL, 'Office Boy / Girl 7', '', 42, '-6.2110051263736', '106.65191264863', NULL, NULL, NULL, NULL, NULL, NULL, 1000000, NULL, 1, '2011-02-22 00:00:00', '2011-02-22 00:00:00', '0000-00-00 00:00:00', NULL, NULL, 3, 0, 'ID'),
(77, 10, 2, NULL, 'Courier 8', '', 27, '-6.2118669785406', '106.8732449761', NULL, NULL, NULL, NULL, NULL, NULL, 1000000, NULL, 1, '2011-02-22 00:00:00', '2011-02-22 00:00:00', '0000-00-00 00:00:00', NULL, NULL, 10, 0, 'ID'),
(78, 2, 2, NULL, 'Nurse 5', '', 36, '-6.2930752281934', '106.78985729113', NULL, NULL, NULL, NULL, NULL, NULL, 1000000, NULL, 1, '2011-02-22 00:00:00', '2011-02-22 00:00:00', '0000-00-00 00:00:00', NULL, NULL, 12, 0, 'ID'),
(79, 10, 2, NULL, 'Courier 9', '', 19, '-6.050049594719', '106.84242818164', NULL, NULL, NULL, NULL, NULL, NULL, 1000000, NULL, 1, '2011-02-22 00:00:00', '2011-02-22 00:00:00', '0000-00-00 00:00:00', NULL, NULL, 1, 0, 'ID'),
(80, 2, 2, NULL, 'Nurse 6', '', 34, '-6.034001547064', '106.94773222442', NULL, NULL, NULL, NULL, NULL, NULL, 1000000, NULL, 1, '2011-02-22 00:00:00', '2011-02-22 00:00:00', '0000-00-00 00:00:00', NULL, NULL, 12, 0, 'ID'),
(81, 1, 2, NULL, 'Driver 7', '', 22, '-6.0454384269479', '106.63952220605', NULL, NULL, NULL, NULL, NULL, NULL, 1000000, NULL, 1, '2011-02-22 00:00:00', '2011-02-22 00:00:00', '0000-00-00 00:00:00', NULL, NULL, 0, 0, 'ID'),
(82, 8, 2, NULL, 'IT 6', '', 23, '-6.0759197398541', '107.00502817457', NULL, NULL, NULL, NULL, NULL, NULL, 1000000, NULL, 1, '2011-02-22 00:00:00', '2011-02-22 00:00:00', '0000-00-00 00:00:00', NULL, NULL, 5, 0, 'ID'),
(83, 6, 2, NULL, 'Technician 6', '', 19, '-6.052740137118', '106.93599567414', NULL, NULL, NULL, NULL, NULL, NULL, 1000000, NULL, 1, '2011-02-22 00:00:00', '2011-02-22 00:00:00', '0000-00-00 00:00:00', NULL, NULL, 11, 0, 'ID'),
(84, 7, 2, NULL, 'Babysitter 14', '', 28, '-6.240142348617', '106.80923118403', NULL, NULL, NULL, NULL, NULL, NULL, 1000000, NULL, 1, '2011-02-22 00:00:00', '2011-02-22 00:00:00', '0000-00-00 00:00:00', NULL, NULL, 1, 0, 'ID'),
(85, 11, 2, NULL, 'Teacher 11', '', 25, '-6.0676410002191', '106.79294140383', NULL, NULL, NULL, NULL, NULL, NULL, 1000000, NULL, 1, '2011-02-22 00:00:00', '2011-02-22 00:00:00', '0000-00-00 00:00:00', NULL, NULL, 3, 0, 'ID'),
(86, 5, 2, NULL, 'Office Boy / Girl 8', '', 35, '-6.2994371633885', '106.92066352965', NULL, NULL, NULL, NULL, NULL, NULL, 1000000, NULL, 1, '2011-02-22 00:00:00', '2011-02-22 00:00:00', '0000-00-00 00:00:00', NULL, NULL, 9, 0, 'ID'),
(87, 4, 2, NULL, 'Office Administrator 5', '', 23, '-6.1955283738933', '106.8259314935', NULL, NULL, NULL, NULL, NULL, NULL, 1000000, NULL, 1, '2011-02-22 00:00:00', '2011-02-22 00:00:00', '0000-00-00 00:00:00', NULL, NULL, 7, 0, 'ID'),
(88, 9, 2, NULL, 'Security 6', '', 19, '-6.2920941678233', '106.7756988205', NULL, NULL, NULL, NULL, NULL, NULL, 1000000, NULL, 1, '2011-02-22 00:00:00', '2011-02-22 00:00:00', '0000-00-00 00:00:00', NULL, NULL, 11, 0, 'ID'),
(89, 5, 2, NULL, 'Office Boy / Girl 9', '', 30, '-6.3101671828631', '106.61308672053', NULL, NULL, NULL, NULL, NULL, NULL, 1000000, NULL, 1, '2011-02-22 00:00:00', '2011-02-22 00:00:00', '0000-00-00 00:00:00', NULL, NULL, 1, 0, 'ID'),
(90, 1, 2, NULL, 'Driver 8', '', 40, '-6.3526954806917', '106.67343186579', NULL, NULL, NULL, NULL, NULL, NULL, 1000000, NULL, 1, '2011-02-22 00:00:00', '2011-02-22 00:00:00', '0000-00-00 00:00:00', NULL, NULL, 0, 0, 'ID'),
(91, 2, 2, NULL, 'Nurse 7', '', 26, '-6.3317091288116', '106.6293420261', NULL, NULL, NULL, NULL, NULL, NULL, 1000000, NULL, 1, '2011-02-22 00:00:00', '2011-02-22 00:00:00', '0000-00-00 00:00:00', NULL, NULL, 0, 0, 'ID'),
(92, 2, 2, NULL, 'Nurse 8', '', 25, '-6.2273802117567', '106.81407078592', NULL, NULL, NULL, NULL, NULL, NULL, 1000000, NULL, 1, '2011-02-22 00:00:00', '2011-02-22 00:00:00', '0000-00-00 00:00:00', NULL, NULL, 12, 0, 'ID'),
(93, 2, 2, NULL, 'Nurse 9', '', 29, '-6.0865307747437', '106.64424468009', NULL, NULL, NULL, NULL, NULL, NULL, 1000000, NULL, 1, '2011-02-22 00:00:00', '2011-02-22 00:00:00', '0000-00-00 00:00:00', NULL, NULL, 0, 0, 'ID'),
(94, 5, 2, NULL, 'Office Boy / Girl 10', '', 33, '-6.3032972945332', '106.94124710664', NULL, NULL, NULL, NULL, NULL, NULL, 1000000, NULL, 1, '2011-02-22 00:00:00', '2011-02-22 00:00:00', '0000-00-00 00:00:00', NULL, NULL, 9, 0, 'ID'),
(95, 6, 2, NULL, 'Technician 7', '', 21, '-6.1762836960616', '107.02040605886', NULL, NULL, NULL, NULL, NULL, NULL, 1000000, NULL, 1, '2011-02-22 00:00:00', '2011-02-22 00:00:00', '0000-00-00 00:00:00', NULL, NULL, 11, 0, 'ID'),
(96, 8, 2, NULL, 'IT 7', '', 39, '-6.2507178999824', '106.96245791901', NULL, NULL, NULL, NULL, NULL, NULL, 1000000, NULL, 1, '2011-02-22 00:00:00', '2011-02-22 00:00:00', '0000-00-00 00:00:00', NULL, NULL, 5, 0, 'ID'),
(97, 10, 2, NULL, 'Courier 10', '', 42, '-6.2247255434512', '106.94050664112', NULL, NULL, NULL, NULL, NULL, NULL, 1000000, NULL, 1, '2011-02-22 00:00:00', '2011-02-22 00:00:00', '0000-00-00 00:00:00', NULL, NULL, 7, 0, 'ID'),
(98, 4, 2, NULL, 'Office Administrator 6', '', 32, '-6.1886914171441', '106.8624020961', NULL, NULL, NULL, NULL, NULL, NULL, 1000000, NULL, 1, '2011-02-22 00:00:00', '2011-02-22 00:00:00', '0000-00-00 00:00:00', NULL, NULL, 7, 0, 'ID'),
(99, 3, 2, NULL, 'Maid 11', '', 26, '-6.1929146225667', '106.67648808997', NULL, NULL, NULL, NULL, NULL, NULL, 1000000, NULL, 1, '2011-02-22 00:00:00', '2011-02-22 00:00:00', '0000-00-00 00:00:00', NULL, NULL, 3, 0, 'ID'),
(100, 1, 2, NULL, 'Driver 9', '', 33, '-6.1727878987121', '106.69605547222', NULL, NULL, NULL, NULL, NULL, NULL, 1000000, NULL, 1, '2011-02-22 00:00:00', '2011-02-22 00:00:00', '0000-00-00 00:00:00', NULL, NULL, 0, 0, 'ID'),
(101, 2, 2, NULL, 'Nurse 10', '', 26, '-6.2210176821196', '106.67204494769', NULL, NULL, NULL, NULL, NULL, NULL, 1000000, NULL, 1, '2011-02-24 00:00:00', '2011-03-24 00:00:00', '0000-00-00 00:00:00', NULL, NULL, 0, 0, 'ID'),
(102, 5, 2, NULL, 'Office Boy / Girl 11', '', 33, '-6.3490428851417', '106.92644995406', NULL, NULL, NULL, NULL, NULL, NULL, 1000000, NULL, 1, '2011-02-24 00:00:00', '2011-03-24 00:00:00', '0000-00-00 00:00:00', NULL, NULL, 0, 0, 'ID'),
(103, 7, 2, NULL, 'Babysitter 15', '', 30, '-6.2935184643501', '106.65130777026', NULL, NULL, NULL, NULL, NULL, NULL, 1000000, NULL, 1, '2011-02-24 00:00:00', '2011-03-24 00:00:00', '0000-00-00 00:00:00', NULL, NULL, 0, 0, 'ID'),
(104, 6, 2, NULL, 'Technician 8', '', 24, '-6.1625905897717', '106.83629129089', NULL, NULL, NULL, NULL, NULL, NULL, 1000000, NULL, 1, '2011-02-24 00:00:00', '2011-03-24 00:00:00', '0000-00-00 00:00:00', NULL, NULL, 0, 0, 'ID'),
(105, 6, 2, NULL, 'Technician 9', '', 42, '-6.034754827577', '106.80519312733', NULL, NULL, NULL, NULL, NULL, NULL, 1000000, NULL, 1, '2011-02-24 00:00:00', '2011-03-24 00:00:00', '0000-00-00 00:00:00', NULL, NULL, 0, 0, 'ID'),
(106, 9, 2, NULL, 'Security 7', '', 30, '-6.0566786053985', '107.00734825293', NULL, NULL, NULL, NULL, NULL, NULL, 1000000, NULL, 1, '2011-02-24 00:00:00', '2011-03-24 00:00:00', '0000-00-00 00:00:00', NULL, NULL, 0, 0, 'ID'),
(107, 3, 2, NULL, 'Maid 12', '', 37, '-6.3479047544729', '106.78657806855', NULL, NULL, NULL, NULL, NULL, NULL, 1000000, NULL, 1, '2011-02-24 00:00:00', '2011-03-24 00:00:00', '0000-00-00 00:00:00', NULL, NULL, 0, 0, 'ID'),
(108, 4, 2, NULL, 'Office Administrator 7', '', 42, '-6.1072097908881', '106.62585752976', NULL, NULL, NULL, NULL, NULL, NULL, 1000000, NULL, 1, '2011-02-24 00:00:00', '2011-03-24 00:00:00', '0000-00-00 00:00:00', NULL, NULL, 0, 0, 'ID'),
(109, 6, 2, NULL, 'Technician 10', '', 22, '-6.0921436544116', '107.00842468316', NULL, NULL, NULL, NULL, NULL, NULL, 1000000, NULL, 1, '2011-02-24 00:00:00', '2011-03-24 00:00:00', '0000-00-00 00:00:00', NULL, NULL, 0, 0, 'ID'),
(110, 5, 2, NULL, 'Office Boy / Girl 12', '', 38, '-6.0208438427522', '107.02011216378', NULL, NULL, NULL, NULL, NULL, NULL, 1000000, NULL, 1, '2011-02-24 00:00:00', '2011-03-24 00:00:00', '0000-00-00 00:00:00', NULL, NULL, 0, 0, 'ID'),
(111, 5, 2, NULL, 'Office Boy / Girl 13', '', 41, '-6.3277454289265', '106.93640186793', NULL, NULL, NULL, NULL, NULL, NULL, 1000000, NULL, 1, '2011-02-24 00:00:00', '2011-03-24 00:00:00', '0000-00-00 00:00:00', NULL, NULL, 0, 0, 'ID'),
(112, 2, 2, NULL, 'Nurse 11', '', 31, '-6.1062768376302', '106.92847587368', NULL, NULL, NULL, NULL, NULL, NULL, 1000000, NULL, 1, '2011-02-24 00:00:00', '2011-03-24 00:00:00', '0000-00-00 00:00:00', NULL, NULL, 0, 0, 'ID'),
(113, 9, 2, NULL, 'Security 8', '', 30, '-6.0213462584089', '106.6547144333', NULL, NULL, NULL, NULL, NULL, NULL, 1000000, NULL, 1, '2011-02-24 00:00:00', '2011-03-24 00:00:00', '0000-00-00 00:00:00', NULL, NULL, 0, 0, 'ID'),
(114, 1, 2, NULL, 'Driver 10', '', 25, '-6.2887152192088', '107.01100523908', NULL, NULL, NULL, NULL, NULL, NULL, 1000000, NULL, 1, '2011-02-24 00:00:00', '2011-03-24 00:00:00', '0000-00-00 00:00:00', NULL, NULL, 0, 0, 'ID'),
(115, 8, 2, NULL, 'IT 8', '', 34, '-6.1952925840768', '106.64208462839', NULL, NULL, NULL, NULL, NULL, NULL, 1000000, NULL, 1, '2011-02-24 00:00:00', '2011-03-24 00:00:00', '0000-00-00 00:00:00', NULL, NULL, 0, 0, 'ID'),
(116, 11, 2, NULL, 'Teacher 12', '', 33, '-6.212119888387', '106.72313568736', NULL, NULL, NULL, NULL, NULL, NULL, 1000000, NULL, 1, '2011-02-24 00:00:00', '2011-03-24 00:00:00', '0000-00-00 00:00:00', NULL, NULL, 0, 0, 'ID'),
(117, 1, 2, NULL, 'Driver 11', '', 38, '-6.2907024058869', '106.75504018105', NULL, NULL, NULL, NULL, NULL, NULL, 1000000, NULL, 1, '2011-02-24 00:00:00', '2011-03-24 00:00:00', '0000-00-00 00:00:00', NULL, NULL, 0, 0, 'ID'),
(118, 4, 2, NULL, 'Office Administrator 8', '', 33, '-6.0743449992205', '106.72231126574', NULL, NULL, NULL, NULL, NULL, NULL, 1000000, NULL, 1, '2011-02-24 00:00:00', '2011-03-24 00:00:00', '0000-00-00 00:00:00', NULL, NULL, 0, 0, 'ID'),
(119, 11, 2, NULL, 'Teacher 13', '', 36, '-6.0659017211159', '106.7257745965', NULL, NULL, NULL, NULL, NULL, NULL, 1000000, NULL, 1, '2011-02-24 00:00:00', '2011-03-24 00:00:00', '0000-00-00 00:00:00', NULL, NULL, 0, 0, 'ID'),
(120, 4, 2, NULL, 'Office Administrator 9', '', 41, '-6.2567784945906', '106.88078438808', NULL, NULL, NULL, NULL, NULL, NULL, 1000000, NULL, 1, '2011-02-24 00:00:00', '2011-03-24 00:00:00', '0000-00-00 00:00:00', NULL, NULL, 0, 0, 'ID'),
(121, 2, 2, NULL, 'Nurse 12', '', 38, '-6.3221581621216', '106.82132797423', NULL, NULL, NULL, NULL, NULL, NULL, 1000000, NULL, 1, '2011-02-24 00:00:00', '2011-03-24 00:00:00', '0000-00-00 00:00:00', NULL, NULL, 0, 0, 'ID'),
(122, 3, 2, NULL, 'Maid 13', '', 33, '-6.1827730548974', '106.67144874256', NULL, NULL, NULL, NULL, NULL, NULL, 1000000, NULL, 1, '2011-02-24 00:00:00', '2011-03-24 00:00:00', '0000-00-00 00:00:00', NULL, NULL, 0, 0, 'ID'),
(123, 10, 2, NULL, 'Courier 11', '', 40, '-6.3296615008686', '106.68131814485', NULL, NULL, NULL, NULL, NULL, NULL, 1000000, NULL, 1, '2011-02-24 00:00:00', '2011-03-24 00:00:00', '0000-00-00 00:00:00', NULL, NULL, 0, 0, 'ID'),
(124, 1, 2, NULL, 'Driver 12', '', 25, '-6.0841144684249', '106.70409076605', NULL, NULL, NULL, NULL, NULL, NULL, 1000000, NULL, 1, '2011-02-24 00:00:00', '2011-03-24 00:00:00', '0000-00-00 00:00:00', NULL, NULL, 0, 0, 'ID'),
(125, 9, 2, NULL, 'Security 9', '', 26, '-6.1706148645074', '107.01160692249', NULL, NULL, NULL, NULL, NULL, NULL, 1000000, NULL, 1, '2011-02-24 00:00:00', '2011-03-24 00:00:00', '0000-00-00 00:00:00', NULL, NULL, 0, 0, 'ID'),
(126, 3, 2, NULL, 'Maid 14', '', 19, '-6.2849258754796', '106.6108536981', NULL, NULL, NULL, NULL, NULL, NULL, 1000000, NULL, 1, '2011-02-24 00:00:00', '2011-03-24 00:00:00', '0000-00-00 00:00:00', NULL, NULL, 0, 0, 'ID'),
(127, 3, 2, NULL, 'Maid 15', '', 40, '-6.2511036150732', '106.94870035876', NULL, NULL, NULL, NULL, NULL, NULL, 1000000, NULL, 1, '2011-02-24 00:00:00', '2011-03-24 00:00:00', '0000-00-00 00:00:00', NULL, NULL, 0, 0, 'ID'),
(128, 10, 2, NULL, 'Courier 12', '', 28, '-6.0576973743975', '106.70647656989', NULL, NULL, NULL, NULL, NULL, NULL, 1000000, NULL, 1, '2011-02-24 00:00:00', '2011-03-24 00:00:00', '0000-00-00 00:00:00', NULL, NULL, 0, 0, 'ID'),
(129, 9, 2, NULL, 'Security 10', '', 42, '-6.1277461943758', '106.66654666722', NULL, NULL, NULL, NULL, NULL, NULL, 1000000, NULL, 1, '2011-02-24 00:00:00', '2011-03-24 00:00:00', '0000-00-00 00:00:00', NULL, NULL, 0, 0, 'ID'),
(130, 4, 2, NULL, 'Office Administrator 10', '', 32, '-6.2062679901651', '106.61250535467', NULL, NULL, NULL, NULL, NULL, NULL, 1000000, NULL, 1, '2011-02-24 00:00:00', '2011-03-24 00:00:00', '0000-00-00 00:00:00', NULL, NULL, 0, 0, 'ID'),
(131, 9, 2, NULL, 'Security 11', '', 30, '-6.1122998512308', '107.01155742929', NULL, NULL, NULL, NULL, NULL, NULL, 1000000, NULL, 1, '2011-02-24 00:00:00', '2011-03-24 00:00:00', '0000-00-00 00:00:00', NULL, NULL, 0, 0, 'ID'),
(132, 7, 2, NULL, 'Babysitter 16', '', 20, '-6.0508676883676', '106.85852145606', NULL, NULL, NULL, NULL, NULL, NULL, 1000000, NULL, 1, '2011-02-24 00:00:00', '2011-03-24 00:00:00', '0000-00-00 00:00:00', NULL, NULL, 0, 0, 'ID'),
(133, 9, 2, NULL, 'Security 12', '', 34, '-6.2095118528872', '106.86897815215', NULL, NULL, NULL, NULL, NULL, NULL, 1000000, NULL, 1, '2011-02-24 00:00:00', '2011-03-24 00:00:00', '0000-00-00 00:00:00', NULL, NULL, 0, 0, 'ID'),
(134, 2, 2, NULL, 'Nurse 13', '', 19, '-6.3200105967847', '106.71015235298', NULL, NULL, NULL, NULL, NULL, NULL, 1000000, NULL, 1, '2011-02-24 00:00:00', '2011-03-24 00:00:00', '0000-00-00 00:00:00', NULL, NULL, 0, 0, 'ID'),
(135, 3, 2, NULL, 'Maid 16', '', 27, '-6.1605086082743', '106.76581853738', NULL, NULL, NULL, NULL, NULL, NULL, 1000000, NULL, 1, '2011-02-24 00:00:00', '2011-03-24 00:00:00', '0000-00-00 00:00:00', NULL, NULL, 0, 0, 'ID'),
(136, 11, 2, NULL, 'Teacher 14', '', 42, '-6.1825377723554', '106.91211186118', NULL, NULL, NULL, NULL, NULL, NULL, 1000000, NULL, 1, '2011-02-24 00:00:00', '2011-03-24 00:00:00', '0000-00-00 00:00:00', NULL, NULL, 0, 0, 'ID'),
(137, 7, 2, NULL, 'Babysitter 17', '', 19, '-6.1216130770241', '106.94977668252', NULL, NULL, NULL, NULL, NULL, NULL, 1000000, NULL, 1, '2011-02-24 00:00:00', '2011-03-24 00:00:00', '0000-00-00 00:00:00', NULL, NULL, 0, 0, 'ID'),
(138, 5, 2, NULL, 'Office Boy / Girl 14', '', 21, '-6.1591363898873', '106.97290443259', NULL, NULL, NULL, NULL, NULL, NULL, 1000000, NULL, 1, '2011-02-24 00:00:00', '2011-03-24 00:00:00', '0000-00-00 00:00:00', NULL, NULL, 0, 0, 'ID'),
(139, 4, 2, NULL, 'Office Administrator 11', '', 27, '-6.1865193710008', '106.88048649959', NULL, NULL, NULL, NULL, NULL, NULL, 1000000, NULL, 1, '2011-02-24 00:00:00', '2011-03-24 00:00:00', '0000-00-00 00:00:00', NULL, NULL, 0, 0, 'ID'),
(140, 8, 2, NULL, 'IT 9', '', 41, '-6.2749392226742', '106.63543888496', NULL, NULL, NULL, NULL, NULL, NULL, 1000000, NULL, 1, '2011-02-24 00:00:00', '2011-03-24 00:00:00', '0000-00-00 00:00:00', NULL, NULL, 0, 0, 'ID'),
(141, 1, 2, NULL, 'Driver 13', '', 38, '-6.2069573109193', '106.89888670012', NULL, NULL, NULL, NULL, NULL, NULL, 1000000, NULL, 1, '2011-02-24 00:00:00', '2011-03-24 00:00:00', '0000-00-00 00:00:00', NULL, NULL, 0, 0, 'ID'),
(142, 11, 2, NULL, 'Teacher 15', '', 33, '-6.2245099662727', '106.78071643314', NULL, NULL, NULL, NULL, NULL, NULL, 1000000, NULL, 1, '2011-02-24 00:00:00', '2011-03-24 00:00:00', '0000-00-00 00:00:00', NULL, NULL, 0, 0, 'ID'),
(143, 10, 2, NULL, 'Courier 13', '', 24, '-6.1844031359591', '106.85770751211', NULL, NULL, NULL, NULL, NULL, NULL, 1000000, NULL, 1, '2011-02-24 00:00:00', '2011-03-24 00:00:00', '0000-00-00 00:00:00', NULL, NULL, 0, 0, 'ID'),
(144, 6, 2, NULL, 'Technician 11', '', 35, '-6.25501343471', '106.89340177386', NULL, NULL, NULL, NULL, NULL, NULL, 1000000, NULL, 1, '2011-02-24 00:00:00', '2011-03-24 00:00:00', '0000-00-00 00:00:00', NULL, NULL, 0, 0, 'ID'),
(145, 8, 2, NULL, 'IT 10', '', 39, '-6.2163115951185', '106.71840587334', NULL, NULL, NULL, NULL, NULL, NULL, 1000000, NULL, 1, '2011-02-24 00:00:00', '2011-03-24 00:00:00', '0000-00-00 00:00:00', NULL, NULL, 0, 0, 'ID'),
(146, 6, 2, NULL, 'Technician 12', '', 24, '-6.1709528476442', '106.84702749093', NULL, NULL, NULL, NULL, NULL, NULL, 1000000, NULL, 1, '2011-02-24 00:00:00', '2011-03-24 00:00:00', '0000-00-00 00:00:00', NULL, NULL, 0, 0, 'ID'),
(147, 8, 2, NULL, 'IT 11', '', 34, '-6.0333790510453', '106.74601147092', NULL, NULL, NULL, NULL, NULL, NULL, 1000000, NULL, 1, '2011-02-24 00:00:00', '2011-03-24 00:00:00', '0000-00-00 00:00:00', NULL, NULL, 0, 0, 'ID'),
(148, 2, 2, NULL, 'Nurse 14', '', 41, '-6.1688525439086', '106.67936200733', NULL, NULL, NULL, NULL, NULL, NULL, 1000000, NULL, 1, '2011-02-24 00:00:00', '2011-03-24 00:00:00', '0000-00-00 00:00:00', NULL, NULL, 0, 0, 'ID'),
(149, 5, 2, NULL, 'Office Boy / Girl 15', '', 39, '-6.3025051434761', '106.64893725613', NULL, NULL, NULL, NULL, NULL, NULL, 1000000, NULL, 1, '2011-02-24 00:00:00', '2011-03-24 00:00:00', '0000-00-00 00:00:00', NULL, NULL, 0, 0, 'ID'),
(150, 9, 2, NULL, 'Security 13', '', 37, '-6.3554828839295', '106.82121666114', NULL, NULL, NULL, NULL, NULL, NULL, 1000000, NULL, 1, '2011-02-24 00:00:00', '2011-03-24 00:00:00', '0000-00-00 00:00:00', NULL, NULL, 0, 0, 'ID'),
(151, 4, 2, NULL, 'Office Administrator 12', '', 28, '-6.0884246123345', '106.99610790137', NULL, NULL, NULL, NULL, NULL, NULL, 1000000, NULL, 1, '2011-02-24 00:00:00', '2011-03-24 00:00:00', '0000-00-00 00:00:00', NULL, NULL, 0, 0, 'ID'),
(152, 6, 2, NULL, 'Technician 13', '', 29, '-6.136966874855', '106.6128375189', NULL, NULL, NULL, NULL, NULL, NULL, 1000000, NULL, 1, '2011-02-24 00:00:00', '2011-03-24 00:00:00', '0000-00-00 00:00:00', NULL, NULL, 0, 0, 'ID'),
(153, 11, 2, NULL, 'Teacher 16', '', 32, '-6.2886465430822', '106.7480145756', NULL, NULL, NULL, NULL, NULL, NULL, 1000000, NULL, 1, '2011-02-24 00:00:00', '2011-03-24 00:00:00', '0000-00-00 00:00:00', NULL, NULL, 0, 0, 'ID'),
(154, 7, 2, NULL, 'Babysitter 18', '', 42, '-6.3189160159455', '106.93652421733', NULL, NULL, NULL, NULL, NULL, NULL, 1000000, NULL, 1, '2011-02-24 00:00:00', '2011-03-24 00:00:00', '0000-00-00 00:00:00', NULL, NULL, 0, 0, 'ID'),
(155, 8, 2, NULL, 'IT 12', '', 24, '-6.140229198192', '106.76774069297', NULL, NULL, NULL, NULL, NULL, NULL, 1000000, NULL, 1, '2011-02-24 00:00:00', '2011-03-24 00:00:00', '0000-00-00 00:00:00', NULL, NULL, 0, 0, 'ID'),
(156, 2, 2, NULL, 'Nurse 15', '', 42, '-6.2542075609168', '106.63244325966', NULL, NULL, NULL, NULL, NULL, NULL, 1000000, NULL, 1, '2011-02-24 00:00:00', '2011-03-24 00:00:00', '0000-00-00 00:00:00', NULL, NULL, 0, 0, 'ID'),
(157, 1, 2, NULL, 'Driver 14', '', 36, '-6.1161525862825', '106.93549731297', NULL, NULL, NULL, NULL, NULL, NULL, 1000000, NULL, 1, '2011-02-24 00:00:00', '2011-03-24 00:00:00', '0000-00-00 00:00:00', NULL, NULL, 0, 0, 'ID'),
(158, 7, 2, NULL, 'Babysitter 19', '', 32, '-6.2660520524879', '106.63364958872', NULL, NULL, NULL, NULL, NULL, NULL, 1000000, NULL, 1, '2011-02-24 00:00:00', '2011-03-24 00:00:00', '0000-00-00 00:00:00', NULL, NULL, 0, 0, 'ID'),
(159, 6, 2, NULL, 'Technician 14', '', 41, '-6.0571045985593', '107.01546730243', NULL, NULL, NULL, NULL, NULL, NULL, 1000000, NULL, 1, '2011-02-24 00:00:00', '2011-03-24 00:00:00', '0000-00-00 00:00:00', NULL, NULL, 0, 0, 'ID'),
(160, 11, 2, NULL, 'Teacher 17', '', 26, '-6.1777152087275', '106.66521194206', NULL, NULL, NULL, NULL, NULL, NULL, 1000000, NULL, 1, '2011-02-24 00:00:00', '2011-03-24 00:00:00', '0000-00-00 00:00:00', NULL, NULL, 0, 0, 'ID'),
(161, 6, 2, NULL, 'Technician 15', '', 21, '-6.2270557683519', '106.75861056035', NULL, NULL, NULL, NULL, NULL, NULL, 1000000, NULL, 1, '2011-02-24 00:00:00', '2011-03-24 00:00:00', '0000-00-00 00:00:00', NULL, NULL, 0, 0, 'ID'),
(162, 7, 2, NULL, 'Babysitter 20', '', 26, '-6.2506708225088', '106.79152161722', NULL, NULL, NULL, NULL, NULL, NULL, 1000000, NULL, 1, '2011-02-24 00:00:00', '2011-03-24 00:00:00', '0000-00-00 00:00:00', NULL, NULL, 0, 0, 'ID'),
(163, 5, 2, NULL, 'Office Boy / Girl 16', '', 23, '-6.0574620671338', '106.95019210107', NULL, NULL, NULL, NULL, NULL, NULL, 1000000, NULL, 1, '2011-02-24 00:00:00', '2011-03-24 00:00:00', '0000-00-00 00:00:00', NULL, NULL, 0, 0, 'ID'),
(164, 7, 2, NULL, 'Babysitter 21', '', 22, '-6.190089838502', '106.83135274758', NULL, NULL, NULL, NULL, NULL, NULL, 1000000, NULL, 1, '2011-02-24 00:00:00', '2011-03-24 00:00:00', '0000-00-00 00:00:00', NULL, NULL, 0, 0, 'ID'),
(165, 11, 2, NULL, 'Teacher 18', '', 29, '-6.1759391995855', '106.97497926795', NULL, NULL, NULL, NULL, NULL, NULL, 1000000, NULL, 1, '2011-02-24 00:00:00', '2011-03-24 00:00:00', '0000-00-00 00:00:00', NULL, NULL, 0, 0, 'ID'),
(166, 4, 2, NULL, 'Office Administrator 13', '', 41, '-6.1400910779639', '106.82352118441', NULL, NULL, NULL, NULL, NULL, NULL, 1000000, NULL, 1, '2011-02-24 00:00:00', '2011-03-24 00:00:00', '0000-00-00 00:00:00', NULL, NULL, 0, 0, 'ID'),
(167, 4, 2, NULL, 'Office Administrator 14', '', 37, '-6.0710716209934', '106.63871792883', NULL, NULL, NULL, NULL, NULL, NULL, 1000000, NULL, 1, '2011-02-24 00:00:00', '2011-03-24 00:00:00', '0000-00-00 00:00:00', NULL, NULL, 0, 0, 'ID'),
(168, 10, 2, NULL, 'Courier 14', '', 25, '-6.2110149435783', '106.70700400448', NULL, NULL, NULL, NULL, NULL, NULL, 1000000, NULL, 1, '2011-02-24 00:00:00', '2011-03-24 00:00:00', '0000-00-00 00:00:00', NULL, NULL, 0, 0, 'ID'),
(169, 3, 2, NULL, 'Maid 17', '', 31, '-6.20043046017', '106.64273328781', NULL, NULL, NULL, NULL, NULL, NULL, 1000000, NULL, 1, '2011-02-24 00:00:00', '2011-03-24 00:00:00', '0000-00-00 00:00:00', NULL, NULL, 0, 0, 'ID'),
(170, 7, 2, NULL, 'Babysitter 22', '', 24, '-6.1892862296249', '106.62082919617', NULL, NULL, NULL, NULL, NULL, NULL, 1000000, NULL, 1, '2011-02-24 00:00:00', '2011-03-24 00:00:00', '0000-00-00 00:00:00', NULL, NULL, 0, 0, 'ID'),
(171, 10, 2, NULL, 'Courier 15', '', 30, '-6.1108725898777', '106.86452139067', NULL, NULL, NULL, NULL, NULL, NULL, 1000000, NULL, 1, '2011-02-24 00:00:00', '2011-03-24 00:00:00', '0000-00-00 00:00:00', NULL, NULL, 0, 0, 'ID'),
(172, 6, 2, NULL, 'Technician 16', '', 28, '-6.3172684714805', '106.7363841209', NULL, NULL, NULL, NULL, NULL, NULL, 1000000, NULL, 1, '2011-02-24 00:00:00', '2011-03-24 00:00:00', '0000-00-00 00:00:00', NULL, NULL, 0, 0, 'ID'),
(173, 1, 2, NULL, 'Driver 15', '', 19, '-6.0833925991142', '106.95650401149', NULL, NULL, NULL, NULL, NULL, NULL, 1000000, NULL, 1, '2011-02-24 00:00:00', '2011-03-24 00:00:00', '0000-00-00 00:00:00', NULL, NULL, 0, 0, 'ID'),
(174, 1, 2, NULL, 'Driver 16', '', 40, '-6.3072319760744', '106.80870653202', NULL, NULL, NULL, NULL, NULL, NULL, 1000000, NULL, 1, '2011-02-24 00:00:00', '2011-03-24 00:00:00', '0000-00-00 00:00:00', NULL, NULL, 0, 0, 'ID'),
(175, 10, 2, NULL, 'Courier 16', '', 42, '-6.0788219572713', '106.74404687924', NULL, NULL, NULL, NULL, NULL, NULL, 1000000, NULL, 1, '2011-02-24 00:00:00', '2011-03-24 00:00:00', '0000-00-00 00:00:00', NULL, NULL, 0, 0, 'ID'),
(176, 3, 2, NULL, 'Maid 18', '', 26, '-6.222175306734', '106.79907020995', NULL, NULL, NULL, NULL, NULL, NULL, 1000000, NULL, 1, '2011-02-24 00:00:00', '2011-03-24 00:00:00', '0000-00-00 00:00:00', NULL, NULL, 0, 0, 'ID'),
(177, 2, 2, NULL, 'Nurse 16', '', 36, '-6.1422012483474', '106.63651460456', NULL, NULL, NULL, NULL, NULL, NULL, 1000000, NULL, 1, '2011-02-24 00:00:00', '2011-03-24 00:00:00', '0000-00-00 00:00:00', NULL, NULL, 0, 0, 'ID'),
(178, 6, 2, NULL, 'Technician 17', '', 36, '-6.3150873396671', '106.94528953724', NULL, NULL, NULL, NULL, NULL, NULL, 1000000, NULL, 1, '2011-02-24 00:00:00', '2011-03-24 00:00:00', '0000-00-00 00:00:00', NULL, NULL, 0, 0, 'ID'),
(179, 1, 2, NULL, 'Driver 17', '', 21, '-6.289313051417', '106.71650416558', NULL, NULL, NULL, NULL, NULL, NULL, 1000000, NULL, 1, '2011-02-24 00:00:00', '2011-03-24 00:00:00', '0000-00-00 00:00:00', NULL, NULL, 0, 0, 'ID'),
(180, 10, 2, NULL, 'Courier 17', '', 37, '-6.2518900076025', '106.91635228935', NULL, NULL, NULL, NULL, NULL, NULL, 1000000, NULL, 1, '2011-02-24 00:00:00', '2011-03-24 00:00:00', '0000-00-00 00:00:00', NULL, NULL, 0, 0, 'ID'),
(181, 4, 2, NULL, 'Office Administrator 15', '', 29, '-6.064485464407', '107.02149010675', NULL, NULL, NULL, NULL, NULL, NULL, 1000000, NULL, 1, '2011-02-24 00:00:00', '2011-03-24 00:00:00', '0000-00-00 00:00:00', NULL, NULL, 0, 0, 'ID'),
(182, 9, 2, NULL, 'Security 14', '', 30, '-6.0225427919342', '106.72592728703', NULL, NULL, NULL, NULL, NULL, NULL, 1000000, NULL, 1, '2011-02-24 00:00:00', '2011-03-24 00:00:00', '0000-00-00 00:00:00', NULL, NULL, 0, 0, 'ID'),
(183, 3, 2, NULL, 'Maid 19', '', 32, '-6.2413758735237', '106.74605927363', NULL, NULL, NULL, NULL, NULL, NULL, 1000000, NULL, 1, '2011-02-24 00:00:00', '2011-03-24 00:00:00', '0000-00-00 00:00:00', NULL, NULL, 0, 0, 'ID'),
(184, 2, 2, NULL, 'Nurse 17', '', 30, '-6.1532954945439', '106.97696058079', NULL, NULL, NULL, NULL, NULL, NULL, 1000000, NULL, 1, '2011-02-24 00:00:00', '2011-03-24 00:00:00', '0000-00-00 00:00:00', NULL, NULL, 0, 0, 'ID'),
(185, 4, 2, NULL, 'Office Administrator 16', '', 38, '-6.1266165722722', '106.62252660906', NULL, NULL, NULL, NULL, NULL, NULL, 1000000, NULL, 1, '2011-02-24 00:00:00', '2011-03-24 00:00:00', '0000-00-00 00:00:00', NULL, NULL, 0, 0, 'ID'),
(186, 6, 2, NULL, 'Technician 18', '', 39, '-6.1205197613209', '106.84294029193', NULL, NULL, NULL, NULL, NULL, NULL, 1000000, NULL, 1, '2011-02-24 00:00:00', '2011-03-24 00:00:00', '0000-00-00 00:00:00', NULL, NULL, 0, 0, 'ID'),
(187, 11, 2, NULL, 'Teacher 19', '', 21, '-6.035099565169', '106.74643856261', NULL, NULL, NULL, NULL, NULL, NULL, 1000000, NULL, 1, '2011-02-24 00:00:00', '2011-03-24 00:00:00', '0000-00-00 00:00:00', NULL, NULL, 0, 0, 'ID'),
(188, 9, 2, NULL, 'Security 15', '', 23, '-6.049533057891', '106.75971148736', NULL, NULL, NULL, NULL, NULL, NULL, 1000000, NULL, 1, '2011-02-24 00:00:00', '2011-03-24 00:00:00', '0000-00-00 00:00:00', NULL, NULL, 0, 0, 'ID'),
(189, 10, 2, NULL, 'Courier 18', '', 35, '-6.2116023720057', '106.811382079', NULL, NULL, NULL, NULL, NULL, NULL, 1000000, NULL, 1, '2011-02-24 00:00:00', '2011-03-24 00:00:00', '0000-00-00 00:00:00', NULL, NULL, 0, 0, 'ID'),
(190, 5, 2, NULL, 'Office Boy / Girl 17', '', 33, '-6.1486675550927', '106.68790617113', NULL, NULL, NULL, NULL, NULL, NULL, 1000000, NULL, 1, '2011-02-24 00:00:00', '2011-03-24 00:00:00', '0000-00-00 00:00:00', NULL, NULL, 0, 0, 'ID'),
(191, 3, 2, NULL, 'Maid 20', '', 29, '-6.1588111650231', '106.77652277689', NULL, NULL, NULL, NULL, NULL, NULL, 1000000, NULL, 1, '2011-02-24 00:00:00', '2011-03-24 00:00:00', '0000-00-00 00:00:00', NULL, NULL, 0, 0, 'ID'),
(192, 6, 2, NULL, 'Technician 19', '', 35, '-6.0905007865031', '106.7710268983', NULL, NULL, NULL, NULL, NULL, NULL, 1000000, NULL, 1, '2011-02-24 00:00:00', '2011-03-24 00:00:00', '0000-00-00 00:00:00', NULL, NULL, 0, 0, 'ID'),
(193, 8, 2, NULL, 'IT 13', '', 36, '-6.0304155778346', '106.70089919012', NULL, NULL, NULL, NULL, NULL, NULL, 1000000, NULL, 1, '2011-02-24 00:00:00', '2011-03-24 00:00:00', '0000-00-00 00:00:00', NULL, NULL, 0, 0, 'ID'),
(194, 5, 2, NULL, 'Office Boy / Girl 18', '', 32, '-6.215178038267', '106.66621048575', NULL, NULL, NULL, NULL, NULL, NULL, 1000000, NULL, 1, '2011-02-24 00:00:00', '2011-03-24 00:00:00', '0000-00-00 00:00:00', NULL, NULL, 0, 0, 'ID'),
(195, 7, 2, NULL, 'Babysitter 23', '', 28, '-6.0877493051966', '106.9636416422', NULL, NULL, NULL, NULL, NULL, NULL, 1000000, NULL, 1, '2011-02-24 00:00:00', '2011-03-24 00:00:00', '0000-00-00 00:00:00', NULL, NULL, 0, 0, 'ID'),
(196, 1, 2, NULL, 'Driver 18', '', 36, '-6.0480640261821', '106.6230756489', NULL, NULL, NULL, NULL, NULL, NULL, 1000000, NULL, 1, '2011-02-24 00:00:00', '2011-03-24 00:00:00', '0000-00-00 00:00:00', NULL, NULL, 0, 0, 'ID'),
(197, 7, 2, NULL, 'Babysitter 24', '', 37, '-6.1215285546722', '106.76506402028', NULL, NULL, NULL, NULL, NULL, NULL, 1000000, NULL, 1, '2011-02-24 00:00:00', '2011-03-24 00:00:00', '0000-00-00 00:00:00', NULL, NULL, 0, 0, 'ID'),
(198, 1, 2, NULL, 'Driver 19', '', 27, '-6.1009443726769', '106.96426264563', NULL, NULL, NULL, NULL, NULL, NULL, 1000000, NULL, 1, '2011-02-24 00:00:00', '2011-03-24 00:00:00', '0000-00-00 00:00:00', NULL, NULL, 0, 0, 'ID'),
(199, 11, 2, NULL, 'Teacher 20', '', 35, '-6.1625397581463', '107.00636008295', NULL, NULL, NULL, NULL, NULL, NULL, 1000000, NULL, 1, '2011-02-24 00:00:00', '2011-03-24 00:00:00', '0000-00-00 00:00:00', NULL, NULL, 0, 0, 'ID'),
(200, 4, 2, NULL, 'Office Administrator 17', '', 19, '-6.3376161078846', '107.00196594366', NULL, NULL, NULL, NULL, NULL, NULL, 1000000, NULL, 1, '2011-02-24 00:00:00', '2011-03-24 00:00:00', '0000-00-00 00:00:00', NULL, NULL, 0, 0, 'ID'),
(201, 8, 1, 'BCA Pasar Baru', 'IT Manager', 'need a new manager', 0, '', '', 1, 'F', 6, 20, 25, 3, 700000, 800000, 1, NULL, NULL, NULL, NULL, NULL, NULL, NULL, 'ID');

-- --------------------------------------------------------

--
-- Table structure for table `jobs_apply`
--

CREATE TABLE IF NOT EXISTS `jobs_apply` (
  `id` int(10) unsigned NOT NULL AUTO_INCREMENT,
  `subscriber_id` int(10) unsigned NOT NULL,
  `job_id` int(10) unsigned NOT NULL,
  `date_add` datetime DEFAULT NULL,
  PRIMARY KEY (`id`,`subscriber_id`,`job_id`),
  KEY `reljobsubscriber_FKIndex1` (`subscriber_id`)
) ENGINE=MyISAM DEFAULT CHARSET=latin1 AUTO_INCREMENT=1 ;

--
-- Dumping data for table `jobs_apply`
--


-- --------------------------------------------------------

--
-- Table structure for table `jobs_category`
--

CREATE TABLE IF NOT EXISTS `jobs_category` (
  `jobcat_id` tinyint(3) unsigned NOT NULL AUTO_INCREMENT,
  `jobcat_title` varchar(100) DEFAULT NULL,
  `description` varchar(255) DEFAULT NULL,
  `date_add` datetime DEFAULT NULL,
  `date_update` datetime DEFAULT NULL,
  `status` tinyint(1) unsigned DEFAULT NULL,
  `country_id` varchar(2) DEFAULT 'ID',
  PRIMARY KEY (`jobcat_id`)
) ENGINE=MyISAM  DEFAULT CHARSET=latin1 AUTO_INCREMENT=12 ;

--
-- Dumping data for table `jobs_category`
--

INSERT INTO `jobs_category` (`jobcat_id`, `jobcat_title`, `description`, `date_add`, `date_update`, `status`, `country_id`) VALUES
(1, 'Driver', NULL, '2011-02-22 00:00:00', '2011-02-22 00:00:00', 1, 'ID'),
(2, 'Nurse', NULL, '2011-02-22 00:00:00', '2011-02-22 00:00:00', 1, 'ID'),
(3, 'Maid', NULL, '2011-02-22 00:00:00', '2011-02-22 00:00:00', 1, 'ID'),
(4, 'Office Administrator', NULL, '2011-02-22 00:00:00', '2011-02-22 00:00:00', 1, 'ID'),
(5, 'Office Boy / Girl', NULL, '2011-02-22 00:00:00', '2011-02-22 00:00:00', 1, 'ID'),
(6, 'Technician', NULL, '2011-02-22 00:00:00', '2011-02-22 00:00:00', 1, 'ID'),
(7, 'Babysitter', NULL, '2011-02-22 00:00:00', '2011-02-22 00:00:00', 1, 'ID'),
(8, 'IT', NULL, '2011-02-22 00:00:00', '2011-02-22 00:00:00', 1, 'ID'),
(9, 'Security', NULL, '2011-02-22 00:00:00', '2011-02-22 00:00:00', 1, 'ID'),
(10, 'Courier', NULL, '2011-02-22 00:00:00', '2011-02-22 00:00:00', 1, 'ID'),
(11, 'Teacher', NULL, '2011-02-22 00:00:00', '2011-02-22 00:00:00', 1, 'ID');

-- --------------------------------------------------------

--
-- Table structure for table `jobs_send`
--

CREATE TABLE IF NOT EXISTS `jobs_send` (
  `jobsend_id` bigint(20) NOT NULL AUTO_INCREMENT,
  `job_id` int(11) DEFAULT NULL,
  `subscriber_id` int(11) DEFAULT NULL,
  `date_send` datetime DEFAULT NULL,
  `status` tinyint(1) DEFAULT NULL,
  PRIMARY KEY (`jobsend_id`)
) ENGINE=MyISAM  DEFAULT CHARSET=latin1 AUTO_INCREMENT=496 ;

--
-- Dumping data for table `jobs_send`
--

INSERT INTO `jobs_send` (`jobsend_id`, `job_id`, `subscriber_id`, `date_send`, `status`) VALUES
(1, 92, 2, '2011-02-18 00:00:00', 1),
(2, 78, 2, '2011-02-19 00:00:00', 1),
(3, 21, 2, '2011-02-20 00:00:00', 1),
(4, 80, 2, '2011-02-21 00:00:00', 1),
(5, 15, 2, '2011-02-22 00:00:00', 1),
(6, 72, 3, '2011-02-18 00:00:00', 1),
(7, 73, 3, '2011-02-19 00:00:00', 1),
(8, 88, 3, '2011-02-20 00:00:00', 1),
(9, 70, 3, '2011-02-21 00:00:00', 1),
(10, 47, 3, '2011-02-22 00:00:00', 1),
(11, 82, 4, '2011-02-18 00:00:00', 1),
(12, 41, 4, '2011-02-19 00:00:00', 1),
(13, 96, 4, '2011-02-20 00:00:00', 1),
(14, 35, 4, '2011-02-21 00:00:00', 1),
(15, 1, 4, '2011-02-22 00:00:00', 1),
(16, 33, 5, '2011-02-18 00:00:00', 1),
(17, 97, 5, '2011-02-19 00:00:00', 1),
(18, 77, 5, '2011-02-20 00:00:00', 1),
(19, 13, 5, '2011-02-21 00:00:00', 1),
(20, 52, 5, '2011-02-22 00:00:00', 1),
(21, 12, 6, '2011-02-18 00:00:00', 1),
(22, 74, 6, '2011-02-19 00:00:00', 1),
(23, 60, 6, '2011-02-20 00:00:00', 1),
(24, 37, 6, '2011-02-21 00:00:00', 1),
(25, 40, 6, '2011-02-22 00:00:00', 1),
(26, 62, 7, '2011-02-18 00:00:00', 1),
(27, 67, 7, '2011-02-19 00:00:00', 1),
(28, 11, 7, '2011-02-20 00:00:00', 1),
(29, 25, 7, '2011-02-21 00:00:00', 1),
(30, 27, 7, '2011-02-22 00:00:00', 1),
(31, 61, 8, '2011-02-18 00:00:00', 1),
(32, 74, 8, '2011-02-19 00:00:00', 1),
(33, 37, 8, '2011-02-20 00:00:00', 1),
(34, 60, 8, '2011-02-21 00:00:00', 1),
(35, 12, 8, '2011-02-22 00:00:00', 1),
(36, 47, 9, '2011-02-18 00:00:00', 1),
(37, 18, 9, '2011-02-19 00:00:00', 1),
(38, 70, 9, '2011-02-20 00:00:00', 1),
(39, 73, 9, '2011-02-21 00:00:00', 1),
(40, 72, 9, '2011-02-22 00:00:00', 1),
(41, 15, 10, '2011-02-18 00:00:00', 1),
(42, 80, 10, '2011-02-19 00:00:00', 1),
(43, 9, 10, '2011-02-20 00:00:00', 1),
(44, 92, 10, '2011-02-21 00:00:00', 1),
(45, 78, 10, '2011-02-22 00:00:00', 1),
(46, 72, 11, '2011-02-18 00:00:00', 1),
(47, 73, 11, '2011-02-19 00:00:00', 1),
(48, 88, 11, '2011-02-20 00:00:00', 1),
(49, 70, 11, '2011-02-21 00:00:00', 1),
(50, 47, 11, '2011-02-22 00:00:00', 1),
(51, 97, 12, '2011-02-18 00:00:00', 1),
(52, 33, 12, '2011-02-19 00:00:00', 1),
(53, 13, 12, '2011-02-20 00:00:00', 1),
(54, 52, 12, '2011-02-21 00:00:00', 1),
(55, 77, 12, '2011-02-22 00:00:00', 1),
(56, 62, 13, '2011-02-18 00:00:00', 1),
(57, 67, 13, '2011-02-19 00:00:00', 1),
(58, 51, 13, '2011-02-20 00:00:00', 1),
(59, 25, 13, '2011-02-21 00:00:00', 1),
(60, 11, 13, '2011-02-22 00:00:00', 1),
(61, 97, 14, '2011-02-18 00:00:00', 1),
(62, 13, 14, '2011-02-19 00:00:00', 1),
(63, 52, 14, '2011-02-20 00:00:00', 1),
(64, 77, 14, '2011-02-21 00:00:00', 1),
(65, 33, 14, '2011-02-22 00:00:00', 1),
(66, 73, 15, '2011-02-18 00:00:00', 1),
(67, 72, 15, '2011-02-19 00:00:00', 1),
(68, 70, 15, '2011-02-20 00:00:00', 1),
(69, 47, 15, '2011-02-21 00:00:00', 1),
(70, 18, 15, '2011-02-22 00:00:00', 1),
(71, 30, 16, '2011-02-18 00:00:00', 1),
(72, 94, 16, '2011-02-19 00:00:00', 1),
(73, 16, 16, '2011-02-20 00:00:00', 1),
(74, 86, 16, '2011-02-21 00:00:00', 1),
(75, 59, 16, '2011-02-22 00:00:00', 1),
(76, 15, 17, '2011-02-18 00:00:00', 1),
(77, 80, 17, '2011-02-19 00:00:00', 1),
(78, 9, 17, '2011-02-20 00:00:00', 1),
(79, 92, 17, '2011-02-21 00:00:00', 1),
(80, 78, 17, '2011-02-22 00:00:00', 1),
(81, 28, 18, '2011-02-18 00:00:00', 1),
(82, 87, 18, '2011-02-19 00:00:00', 1),
(83, 66, 18, '2011-02-20 00:00:00', 1),
(84, 98, 18, '2011-02-21 00:00:00', 1),
(85, 24, 18, '2011-02-22 00:00:00', 1),
(86, 65, 19, '2011-02-18 00:00:00', 1),
(87, 38, 19, '2011-02-19 00:00:00', 1),
(88, 57, 19, '2011-02-20 00:00:00', 1),
(89, 45, 19, '2011-02-21 00:00:00', 1),
(90, 46, 19, '2011-02-22 00:00:00', 1),
(91, 30, 20, '2011-02-18 00:00:00', 1),
(92, 94, 20, '2011-02-19 00:00:00', 1),
(93, 16, 20, '2011-02-20 00:00:00', 1),
(94, 86, 20, '2011-02-21 00:00:00', 1),
(95, 59, 20, '2011-02-22 00:00:00', 1),
(96, 23, 21, '2011-02-18 00:00:00', 1),
(97, 55, 21, '2011-02-19 00:00:00', 1),
(98, 64, 21, '2011-02-20 00:00:00', 1),
(99, 8, 21, '2011-02-21 00:00:00', 1),
(100, 77, 21, '2011-02-22 00:00:00', 1),
(101, 72, 22, '2011-02-18 00:00:00', 1),
(102, 73, 22, '2011-02-19 00:00:00', 1),
(103, 70, 22, '2011-02-20 00:00:00', 1),
(104, 88, 22, '2011-02-21 00:00:00', 1),
(105, 47, 22, '2011-02-22 00:00:00', 1),
(106, 50, 23, '2011-02-18 00:00:00', 1),
(107, 59, 23, '2011-02-19 00:00:00', 1),
(108, 76, 23, '2011-02-20 00:00:00', 1),
(109, 19, 23, '2011-02-21 00:00:00', 1),
(110, 16, 23, '2011-02-22 00:00:00', 1),
(111, 2, 24, '2011-02-18 00:00:00', 1),
(112, 48, 24, '2011-02-19 00:00:00', 1),
(113, 34, 24, '2011-02-20 00:00:00', 1),
(114, 44, 24, '2011-02-21 00:00:00', 1),
(115, 71, 24, '2011-02-22 00:00:00', 1),
(116, 15, 25, '2011-02-18 00:00:00', 1),
(117, 80, 25, '2011-02-19 00:00:00', 1),
(118, 9, 25, '2011-02-20 00:00:00', 1),
(119, 92, 25, '2011-02-21 00:00:00', 1),
(120, 78, 25, '2011-02-22 00:00:00', 1),
(121, 87, 26, '2011-02-18 00:00:00', 1),
(122, 98, 26, '2011-02-19 00:00:00', 1),
(123, 24, 26, '2011-02-20 00:00:00', 1),
(124, 28, 26, '2011-02-21 00:00:00', 1),
(125, 53, 26, '2011-02-22 00:00:00', 1),
(126, 97, 27, '2011-02-18 00:00:00', 1),
(127, 33, 27, '2011-02-19 00:00:00', 1),
(128, 13, 27, '2011-02-20 00:00:00', 1),
(129, 52, 27, '2011-02-21 00:00:00', 1),
(130, 77, 27, '2011-02-22 00:00:00', 1),
(131, 48, 28, '2011-02-18 00:00:00', 1),
(132, 2, 28, '2011-02-19 00:00:00', 1),
(133, 34, 28, '2011-02-20 00:00:00', 1),
(134, 44, 28, '2011-02-21 00:00:00', 1),
(135, 85, 28, '2011-02-22 00:00:00', 1),
(136, 30, 29, '2011-02-18 00:00:00', 1),
(137, 16, 29, '2011-02-19 00:00:00', 1),
(138, 94, 29, '2011-02-20 00:00:00', 1),
(139, 59, 29, '2011-02-21 00:00:00', 1),
(140, 86, 29, '2011-02-22 00:00:00', 1),
(141, 28, 30, '2011-02-18 00:00:00', 1),
(142, 87, 30, '2011-02-19 00:00:00', 1),
(143, 66, 30, '2011-02-20 00:00:00', 1),
(144, 98, 30, '2011-02-21 00:00:00', 1),
(145, 24, 30, '2011-02-22 00:00:00', 1),
(146, 74, 31, '2011-02-18 00:00:00', 1),
(147, 37, 31, '2011-02-19 00:00:00', 1),
(148, 60, 31, '2011-02-20 00:00:00', 1),
(149, 12, 31, '2011-02-21 00:00:00', 1),
(150, 61, 31, '2011-02-22 00:00:00', 1),
(151, 54, 32, '2011-02-18 00:00:00', 1),
(152, 83, 32, '2011-02-19 00:00:00', 1),
(153, 58, 32, '2011-02-20 00:00:00', 1),
(154, 95, 32, '2011-02-21 00:00:00', 1),
(155, 36, 32, '2011-02-22 00:00:00', 1),
(156, 95, 33, '2011-02-18 00:00:00', 1),
(157, 58, 33, '2011-02-19 00:00:00', 1),
(158, 83, 33, '2011-02-20 00:00:00', 1),
(159, 36, 33, '2011-02-21 00:00:00', 1),
(160, 54, 33, '2011-02-22 00:00:00', 1),
(161, 97, 34, '2011-02-18 00:00:00', 1),
(162, 13, 34, '2011-02-19 00:00:00', 1),
(163, 33, 34, '2011-02-20 00:00:00', 1),
(164, 52, 34, '2011-02-21 00:00:00', 1),
(165, 77, 34, '2011-02-22 00:00:00', 1),
(166, 95, 35, '2011-02-18 00:00:00', 1),
(167, 58, 35, '2011-02-19 00:00:00', 1),
(168, 83, 35, '2011-02-20 00:00:00', 1),
(169, 36, 35, '2011-02-21 00:00:00', 1),
(170, 54, 35, '2011-02-22 00:00:00', 1),
(171, 53, 36, '2011-02-18 00:00:00', 1),
(172, 24, 36, '2011-02-19 00:00:00', 1),
(173, 98, 36, '2011-02-20 00:00:00', 1),
(174, 87, 36, '2011-02-21 00:00:00', 1),
(175, 66, 36, '2011-02-22 00:00:00', 1),
(176, 82, 37, '2011-02-18 00:00:00', 1),
(177, 96, 37, '2011-02-19 00:00:00', 1),
(178, 35, 37, '2011-02-20 00:00:00', 1),
(179, 41, 37, '2011-02-21 00:00:00', 1),
(180, 1, 37, '2011-02-22 00:00:00', 1),
(181, 30, 38, '2011-02-18 00:00:00', 1),
(182, 94, 38, '2011-02-19 00:00:00', 1),
(183, 16, 38, '2011-02-20 00:00:00', 1),
(184, 86, 38, '2011-02-21 00:00:00', 1),
(185, 59, 38, '2011-02-22 00:00:00', 1),
(186, 53, 39, '2011-02-18 00:00:00', 1),
(187, 24, 39, '2011-02-19 00:00:00', 1),
(188, 98, 39, '2011-02-20 00:00:00', 1),
(189, 87, 39, '2011-02-21 00:00:00', 1),
(190, 66, 39, '2011-02-22 00:00:00', 1),
(191, 82, 40, '2011-02-18 00:00:00', 1),
(192, 96, 40, '2011-02-19 00:00:00', 1),
(193, 35, 40, '2011-02-20 00:00:00', 1),
(194, 41, 40, '2011-02-21 00:00:00', 1),
(195, 1, 40, '2011-02-22 00:00:00', 1),
(196, 13, 41, '2011-02-18 00:00:00', 1),
(197, 52, 41, '2011-02-19 00:00:00', 1),
(198, 97, 41, '2011-02-20 00:00:00', 1),
(199, 79, 41, '2011-02-21 00:00:00', 1),
(200, 77, 41, '2011-02-22 00:00:00', 1),
(201, 97, 42, '2011-02-18 00:00:00', 1),
(202, 33, 42, '2011-02-19 00:00:00', 1),
(203, 13, 42, '2011-02-20 00:00:00', 1),
(204, 52, 42, '2011-02-21 00:00:00', 1),
(205, 77, 42, '2011-02-22 00:00:00', 1),
(206, 15, 43, '2011-02-18 00:00:00', 1),
(207, 80, 43, '2011-02-19 00:00:00', 1),
(208, 9, 43, '2011-02-20 00:00:00', 1),
(209, 92, 43, '2011-02-21 00:00:00', 1),
(210, 78, 43, '2011-02-22 00:00:00', 1),
(211, 62, 44, '2011-02-18 00:00:00', 1),
(212, 67, 44, '2011-02-19 00:00:00', 1),
(213, 51, 44, '2011-02-20 00:00:00', 1),
(214, 25, 44, '2011-02-21 00:00:00', 1),
(215, 11, 44, '2011-02-22 00:00:00', 1),
(216, 59, 45, '2011-02-18 00:00:00', 1),
(217, 50, 45, '2011-02-19 00:00:00', 1),
(218, 30, 45, '2011-02-20 00:00:00', 1),
(219, 16, 45, '2011-02-21 00:00:00', 1),
(220, 94, 45, '2011-02-22 00:00:00', 1),
(221, 72, 46, '2011-02-18 00:00:00', 1),
(222, 73, 46, '2011-02-19 00:00:00', 1),
(223, 70, 46, '2011-02-20 00:00:00', 1),
(224, 88, 46, '2011-02-21 00:00:00', 1),
(225, 47, 46, '2011-02-22 00:00:00', 1),
(226, 2, 47, '2011-02-18 00:00:00', 1),
(227, 48, 47, '2011-02-19 00:00:00', 1),
(228, 34, 47, '2011-02-20 00:00:00', 1),
(229, 44, 47, '2011-02-21 00:00:00', 1),
(230, 71, 47, '2011-02-22 00:00:00', 1),
(231, 62, 48, '2011-02-18 00:00:00', 1),
(232, 67, 48, '2011-02-19 00:00:00', 1),
(233, 51, 48, '2011-02-20 00:00:00', 1),
(234, 39, 48, '2011-02-21 00:00:00', 1),
(235, 11, 48, '2011-02-22 00:00:00', 1),
(236, 15, 49, '2011-02-18 00:00:00', 1),
(237, 80, 49, '2011-02-19 00:00:00', 1),
(238, 9, 49, '2011-02-20 00:00:00', 1),
(239, 92, 49, '2011-02-21 00:00:00', 1),
(240, 78, 49, '2011-02-22 00:00:00', 1),
(241, 6, 50, '2011-02-18 00:00:00', 1),
(242, 4, 50, '2011-02-19 00:00:00', 1),
(243, 10, 50, '2011-02-20 00:00:00', 1),
(244, 85, 50, '2011-02-21 00:00:00', 1),
(245, 7, 50, '2011-02-22 00:00:00', 1),
(246, 95, 51, '2011-02-18 00:00:00', 1),
(247, 58, 51, '2011-02-19 00:00:00', 1),
(248, 83, 51, '2011-02-20 00:00:00', 1),
(249, 36, 51, '2011-02-21 00:00:00', 1),
(250, 54, 51, '2011-02-22 00:00:00', 1),
(251, 30, 52, '2011-02-18 00:00:00', 1),
(252, 94, 52, '2011-02-19 00:00:00', 1),
(253, 16, 52, '2011-02-20 00:00:00', 1),
(254, 86, 52, '2011-02-21 00:00:00', 1),
(255, 59, 52, '2011-02-22 00:00:00', 1),
(256, 30, 53, '2011-02-18 00:00:00', 1),
(257, 94, 53, '2011-02-19 00:00:00', 1),
(258, 16, 53, '2011-02-20 00:00:00', 1),
(259, 86, 53, '2011-02-21 00:00:00', 1),
(260, 59, 53, '2011-02-22 00:00:00', 1),
(261, 61, 54, '2011-02-18 00:00:00', 1),
(262, 74, 54, '2011-02-19 00:00:00', 1),
(263, 37, 54, '2011-02-20 00:00:00', 1),
(264, 60, 54, '2011-02-21 00:00:00', 1),
(265, 12, 54, '2011-02-22 00:00:00', 1),
(266, 72, 55, '2011-02-18 00:00:00', 1),
(267, 73, 55, '2011-02-19 00:00:00', 1),
(268, 88, 55, '2011-02-20 00:00:00', 1),
(269, 70, 55, '2011-02-21 00:00:00', 1),
(270, 47, 55, '2011-02-22 00:00:00', 1),
(271, 61, 56, '2011-02-18 00:00:00', 1),
(272, 37, 56, '2011-02-19 00:00:00', 1),
(273, 74, 56, '2011-02-20 00:00:00', 1),
(274, 12, 56, '2011-02-21 00:00:00', 1),
(275, 60, 56, '2011-02-22 00:00:00', 1),
(276, 48, 57, '2011-02-18 00:00:00', 1),
(277, 2, 57, '2011-02-19 00:00:00', 1),
(278, 34, 57, '2011-02-20 00:00:00', 1),
(279, 44, 57, '2011-02-21 00:00:00', 1),
(280, 71, 57, '2011-02-22 00:00:00', 1),
(281, 2, 58, '2011-02-18 00:00:00', 1),
(282, 48, 58, '2011-02-19 00:00:00', 1),
(283, 34, 58, '2011-02-20 00:00:00', 1),
(284, 44, 58, '2011-02-21 00:00:00', 1),
(285, 71, 58, '2011-02-22 00:00:00', 1),
(286, 30, 59, '2011-02-18 00:00:00', 1),
(287, 94, 59, '2011-02-19 00:00:00', 1),
(288, 16, 59, '2011-02-20 00:00:00', 1),
(289, 86, 59, '2011-02-21 00:00:00', 1),
(290, 59, 59, '2011-02-22 00:00:00', 1),
(291, 82, 60, '2011-02-18 00:00:00', 1),
(292, 96, 60, '2011-02-19 00:00:00', 1),
(293, 35, 60, '2011-02-20 00:00:00', 1),
(294, 41, 60, '2011-02-21 00:00:00', 1),
(295, 1, 60, '2011-02-22 00:00:00', 1),
(296, 99, 61, '2011-02-18 00:00:00', 1),
(297, 56, 61, '2011-02-19 00:00:00', 1),
(298, 31, 61, '2011-02-20 00:00:00', 1),
(299, 27, 61, '2011-02-21 00:00:00', 1),
(300, 42, 61, '2011-02-22 00:00:00', 1),
(301, 15, 62, '2011-02-18 00:00:00', 1),
(302, 80, 62, '2011-02-19 00:00:00', 1),
(303, 9, 62, '2011-02-20 00:00:00', 1),
(304, 92, 62, '2011-02-21 00:00:00', 1),
(305, 78, 62, '2011-02-22 00:00:00', 1),
(306, 95, 63, '2011-02-18 00:00:00', 1),
(307, 58, 63, '2011-02-19 00:00:00', 1),
(308, 83, 63, '2011-02-20 00:00:00', 1),
(309, 36, 63, '2011-02-21 00:00:00', 1),
(310, 54, 63, '2011-02-22 00:00:00', 1),
(311, 72, 64, '2011-02-18 00:00:00', 1),
(312, 73, 64, '2011-02-19 00:00:00', 1),
(313, 88, 64, '2011-02-20 00:00:00', 1),
(314, 70, 64, '2011-02-21 00:00:00', 1),
(315, 47, 64, '2011-02-22 00:00:00', 1),
(316, 15, 65, '2011-02-18 00:00:00', 1),
(317, 92, 65, '2011-02-19 00:00:00', 1),
(318, 78, 65, '2011-02-20 00:00:00', 1),
(319, 80, 65, '2011-02-21 00:00:00', 1),
(320, 21, 65, '2011-02-22 00:00:00', 1),
(321, 95, 66, '2011-02-18 00:00:00', 1),
(322, 58, 66, '2011-02-19 00:00:00', 1),
(323, 36, 66, '2011-02-20 00:00:00', 1),
(324, 83, 66, '2011-02-21 00:00:00', 1),
(325, 54, 66, '2011-02-22 00:00:00', 1),
(326, 65, 67, '2011-02-18 00:00:00', 1),
(327, 57, 67, '2011-02-19 00:00:00', 1),
(328, 38, 67, '2011-02-20 00:00:00', 1),
(329, 45, 67, '2011-02-21 00:00:00', 1),
(330, 46, 67, '2011-02-22 00:00:00', 1),
(331, 70, 68, '2011-02-18 00:00:00', 1),
(332, 72, 68, '2011-02-19 00:00:00', 1),
(333, 73, 68, '2011-02-20 00:00:00', 1),
(334, 47, 68, '2011-02-21 00:00:00', 1),
(335, 88, 68, '2011-02-22 00:00:00', 1),
(336, 8, 69, '2011-02-18 00:00:00', 1),
(337, 64, 69, '2011-02-19 00:00:00', 1),
(338, 23, 69, '2011-02-20 00:00:00', 1),
(339, 55, 69, '2011-02-21 00:00:00', 1),
(340, 77, 69, '2011-02-22 00:00:00', 1),
(341, 82, 70, '2011-02-18 00:00:00', 1),
(342, 96, 70, '2011-02-19 00:00:00', 1),
(343, 35, 70, '2011-02-20 00:00:00', 1),
(344, 41, 70, '2011-02-21 00:00:00', 1),
(345, 1, 70, '2011-02-22 00:00:00', 1),
(346, 72, 71, '2011-02-18 00:00:00', 1),
(347, 73, 71, '2011-02-19 00:00:00', 1),
(348, 88, 71, '2011-02-20 00:00:00', 1),
(349, 70, 71, '2011-02-21 00:00:00', 1),
(350, 47, 71, '2011-02-22 00:00:00', 1),
(351, 80, 72, '2011-02-18 00:00:00', 1),
(352, 9, 72, '2011-02-19 00:00:00', 1),
(353, 15, 72, '2011-02-20 00:00:00', 1),
(354, 92, 72, '2011-02-21 00:00:00', 1),
(355, 78, 72, '2011-02-22 00:00:00', 1),
(356, 76, 73, '2011-02-18 00:00:00', 1),
(357, 89, 73, '2011-02-19 00:00:00', 1),
(358, 19, 73, '2011-02-20 00:00:00', 1),
(359, 26, 73, '2011-02-21 00:00:00', 1),
(360, 59, 73, '2011-02-22 00:00:00', 1),
(361, 95, 74, '2011-02-18 00:00:00', 1),
(362, 58, 74, '2011-02-19 00:00:00', 1),
(363, 83, 74, '2011-02-20 00:00:00', 1),
(364, 36, 74, '2011-02-21 00:00:00', 1),
(365, 54, 74, '2011-02-22 00:00:00', 1),
(366, 72, 75, '2011-02-18 00:00:00', 1),
(367, 73, 75, '2011-02-19 00:00:00', 1),
(368, 88, 75, '2011-02-20 00:00:00', 1),
(369, 70, 75, '2011-02-21 00:00:00', 1),
(370, 47, 75, '2011-02-22 00:00:00', 1),
(371, 30, 76, '2011-02-18 00:00:00', 1),
(372, 94, 76, '2011-02-19 00:00:00', 1),
(373, 16, 76, '2011-02-20 00:00:00', 1),
(374, 86, 76, '2011-02-21 00:00:00', 1),
(375, 59, 76, '2011-02-22 00:00:00', 1),
(376, 48, 77, '2011-02-18 00:00:00', 1),
(377, 2, 77, '2011-02-19 00:00:00', 1),
(378, 34, 77, '2011-02-20 00:00:00', 1),
(379, 44, 77, '2011-02-21 00:00:00', 1),
(380, 71, 77, '2011-02-22 00:00:00', 1),
(381, 95, 78, '2011-02-18 00:00:00', 1),
(382, 58, 78, '2011-02-19 00:00:00', 1),
(383, 83, 78, '2011-02-20 00:00:00', 1),
(384, 36, 78, '2011-02-21 00:00:00', 1),
(385, 54, 78, '2011-02-22 00:00:00', 1),
(386, 65, 79, '2011-02-18 00:00:00', 1),
(387, 57, 79, '2011-02-19 00:00:00', 1),
(388, 38, 79, '2011-02-20 00:00:00', 1),
(389, 45, 79, '2011-02-21 00:00:00', 1),
(390, 46, 79, '2011-02-22 00:00:00', 1),
(391, 4, 80, '2011-02-18 00:00:00', 1),
(392, 44, 80, '2011-02-19 00:00:00', 1),
(393, 69, 80, '2011-02-20 00:00:00', 1),
(394, 34, 80, '2011-02-21 00:00:00', 1),
(395, 85, 80, '2011-02-22 00:00:00', 1),
(396, 95, 81, '2011-02-18 00:00:00', 1),
(397, 58, 81, '2011-02-19 00:00:00', 1),
(398, 83, 81, '2011-02-20 00:00:00', 1),
(399, 36, 81, '2011-02-21 00:00:00', 1),
(400, 54, 81, '2011-02-22 00:00:00', 1),
(401, 75, 82, '2011-02-18 00:00:00', 1),
(402, 84, 82, '2011-02-19 00:00:00', 1),
(403, 49, 82, '2011-02-20 00:00:00', 1),
(404, 29, 82, '2011-02-21 00:00:00', 1),
(405, 46, 82, '2011-02-22 00:00:00', 1),
(406, 18, 83, '2011-02-18 00:00:00', 1),
(407, 70, 83, '2011-02-19 00:00:00', 1),
(408, 47, 83, '2011-02-20 00:00:00', 1),
(409, 88, 83, '2011-02-21 00:00:00', 1),
(410, 72, 83, '2011-02-22 00:00:00', 1),
(411, 24, 84, '2011-02-18 00:00:00', 1),
(412, 53, 84, '2011-02-19 00:00:00', 1),
(413, 98, 84, '2011-02-20 00:00:00', 1),
(414, 87, 84, '2011-02-21 00:00:00', 1),
(415, 66, 84, '2011-02-22 00:00:00', 1),
(416, 99, 85, '2011-02-18 00:00:00', 1),
(417, 31, 85, '2011-02-19 00:00:00', 1),
(418, 56, 85, '2011-02-20 00:00:00', 1),
(419, 42, 85, '2011-02-21 00:00:00', 1),
(420, 27, 85, '2011-02-22 00:00:00', 1),
(421, 62, 86, '2011-02-18 00:00:00', 1),
(422, 67, 86, '2011-02-19 00:00:00', 1),
(423, 51, 86, '2011-02-20 00:00:00', 1),
(424, 11, 86, '2011-02-21 00:00:00', 1),
(425, 39, 86, '2011-02-22 00:00:00', 1),
(426, 50, 87, '2011-02-18 00:00:00', 1),
(427, 59, 87, '2011-02-19 00:00:00', 1),
(428, 76, 87, '2011-02-20 00:00:00', 1),
(429, 19, 87, '2011-02-21 00:00:00', 1),
(430, 86, 87, '2011-02-22 00:00:00', 1),
(431, 48, 88, '2011-02-18 00:00:00', 1),
(432, 2, 88, '2011-02-19 00:00:00', 1),
(433, 34, 88, '2011-02-20 00:00:00', 1),
(434, 44, 88, '2011-02-21 00:00:00', 1),
(435, 71, 88, '2011-02-22 00:00:00', 1),
(436, 80, 89, '2011-02-18 00:00:00', 1),
(437, 9, 89, '2011-02-19 00:00:00', 1),
(438, 15, 89, '2011-02-20 00:00:00', 1),
(439, 92, 89, '2011-02-21 00:00:00', 1),
(440, 78, 89, '2011-02-22 00:00:00', 1),
(441, 95, 90, '2011-02-18 00:00:00', 1),
(442, 58, 90, '2011-02-19 00:00:00', 1),
(443, 83, 90, '2011-02-20 00:00:00', 1),
(444, 36, 90, '2011-02-21 00:00:00', 1),
(445, 54, 90, '2011-02-22 00:00:00', 1),
(446, 67, 91, '2011-02-18 00:00:00', 1),
(447, 62, 91, '2011-02-19 00:00:00', 1),
(448, 51, 91, '2011-02-20 00:00:00', 1),
(449, 39, 91, '2011-02-21 00:00:00', 1),
(450, 11, 91, '2011-02-22 00:00:00', 1),
(451, 98, 92, '2011-02-18 00:00:00', 1),
(452, 87, 92, '2011-02-19 00:00:00', 1),
(453, 24, 92, '2011-02-20 00:00:00', 1),
(454, 53, 92, '2011-02-21 00:00:00', 1),
(455, 28, 92, '2011-02-22 00:00:00', 1),
(456, 95, 93, '2011-02-18 00:00:00', 1),
(457, 58, 93, '2011-02-19 00:00:00', 1),
(458, 83, 93, '2011-02-20 00:00:00', 1),
(459, 54, 93, '2011-02-21 00:00:00', 1),
(460, 36, 93, '2011-02-22 00:00:00', 1),
(461, 72, 94, '2011-02-18 00:00:00', 1),
(462, 73, 94, '2011-02-19 00:00:00', 1),
(463, 88, 94, '2011-02-20 00:00:00', 1),
(464, 70, 94, '2011-02-21 00:00:00', 1),
(465, 47, 94, '2011-02-22 00:00:00', 1),
(466, 99, 95, '2011-02-18 00:00:00', 1),
(467, 27, 95, '2011-02-19 00:00:00', 1),
(468, 11, 95, '2011-02-20 00:00:00', 1),
(469, 42, 95, '2011-02-21 00:00:00', 1),
(470, 56, 95, '2011-02-22 00:00:00', 1),
(471, 64, 96, '2011-02-18 00:00:00', 1),
(472, 77, 96, '2011-02-19 00:00:00', 1),
(473, 52, 96, '2011-02-20 00:00:00', 1),
(474, 13, 96, '2011-02-21 00:00:00', 1),
(475, 55, 96, '2011-02-22 00:00:00', 1),
(476, 15, 97, '2011-02-18 00:00:00', 1),
(477, 80, 97, '2011-02-19 00:00:00', 1),
(478, 9, 97, '2011-02-20 00:00:00', 1),
(479, 92, 97, '2011-02-21 00:00:00', 1),
(480, 78, 97, '2011-02-22 00:00:00', 1),
(481, 74, 98, '2011-02-18 00:00:00', 1),
(482, 61, 98, '2011-02-19 00:00:00', 1),
(483, 37, 98, '2011-02-20 00:00:00', 1),
(484, 60, 98, '2011-02-21 00:00:00', 1),
(485, 12, 98, '2011-02-22 00:00:00', 1),
(486, 74, 99, '2011-02-18 00:00:00', 1),
(487, 12, 99, '2011-02-19 00:00:00', 1),
(488, 60, 99, '2011-02-20 00:00:00', 1),
(489, 37, 99, '2011-02-21 00:00:00', 1),
(490, 40, 99, '2011-02-22 00:00:00', 1),
(491, 80, 100, '2011-02-18 00:00:00', 1),
(492, 9, 100, '2011-02-19 00:00:00', 1),
(493, 15, 100, '2011-02-20 00:00:00', 1),
(494, 92, 100, '2011-02-21 00:00:00', 1),
(495, 78, 100, '2011-02-22 00:00:00', 1);

-- --------------------------------------------------------

--
-- Table structure for table `job_posters`
--

CREATE TABLE IF NOT EXISTS `job_posters` (
  `jobposter_id` int(11) NOT NULL AUTO_INCREMENT,
  `comp_id` int(11) DEFAULT NULL,
  `username` varchar(45) DEFAULT NULL,
  `password` varchar(20) DEFAULT NULL,
  `userlevel` varchar(45) DEFAULT NULL,
  `company_name` varchar(100) DEFAULT NULL,
  `industry_id` int(11) DEFAULT NULL,
  `name` varchar(100) DEFAULT NULL,
  `cp` varchar(100) DEFAULT NULL,
  `address1` varchar(255) DEFAULT NULL,
  `address2` varchar(255) DEFAULT NULL,
  `loc_id` int(10) DEFAULT NULL,
  `lat` varchar(20) DEFAULT NULL,
  `lng` varchar(20) DEFAULT NULL,
  `tel` varchar(100) DEFAULT NULL,
  `fax` varchar(100) DEFAULT NULL,
  `email` varchar(100) DEFAULT NULL,
  `status` tinyint(1) DEFAULT NULL,
  `date_add` datetime DEFAULT NULL,
  `date_update` datetime DEFAULT NULL,
  `country_id` varchar(2) DEFAULT 'ID',
  PRIMARY KEY (`jobposter_id`)
) ENGINE=MyISAM  DEFAULT CHARSET=latin1 AUTO_INCREMENT=103 ;

--
-- Dumping data for table `job_posters`
--

INSERT INTO `job_posters` (`jobposter_id`, `comp_id`, `username`, `password`, `userlevel`, `company_name`, `industry_id`, `name`, `cp`, `address1`, `address2`, `loc_id`, `lat`, `lng`, `tel`, `fax`, `email`, `status`, `date_add`, `date_update`, `country_id`) VALUES
(101, 2, 'bca1', 'bca', 'company', NULL, 2, NULL, NULL, NULL, NULL, 47, '-6.3546854856', '106.76184385', NULL, NULL, NULL, NULL, '0000-00-00 00:00:00', '2011-03-13 22:00:00', 'ID'),
(102, 2, 'bca2', 'bca', 'jobposter', NULL, 2, NULL, NULL, NULL, NULL, 47, NULL, NULL, NULL, NULL, NULL, NULL, '2011-03-13 22:00:00', '2011-03-13 22:00:00', 'ID'),
(1, 6, 'superadmin', '1', 'superadmin', 'Grameen', 1, 'Paijo', 'Paijo', NULL, NULL, 47, NULL, NULL, NULL, NULL, NULL, NULL, '2011-03-13 22:00:00', '2011-03-13 22:00:00', 'ID'),
(2, 6, 'admin', '1', 'admin', 'Grameen', 1, 'Satiyem', 'Satiyem', NULL, NULL, 47, NULL, NULL, NULL, NULL, NULL, NULL, '2011-03-13 22:00:00', '2011-03-13 22:00:00', 'ID');

-- --------------------------------------------------------

--
-- Table structure for table `job_weights`
--

CREATE TABLE IF NOT EXISTS `job_weights` (
  `weight_id` int(11) NOT NULL AUTO_INCREMENT,
  `weight_group` tinyint(4) DEFAULT NULL,
  `weight_key` varchar(50) DEFAULT NULL,
  `weight_value` tinyint(2) DEFAULT NULL,
  `country_id` varchar(2) DEFAULT 'ID',
  PRIMARY KEY (`weight_id`)
) ENGINE=MyISAM  DEFAULT CHARSET=latin1 AUTO_INCREMENT=5 ;

--
-- Dumping data for table `job_weights`
--

INSERT INTO `job_weights` (`weight_id`, `weight_group`, `weight_key`, `weight_value`, `country_id`) VALUES
(1, 1, 'dis', 70, 'ID'),
(2, 1, 'nsend', 30, 'ID'),
(3, 2, 'dis', 30, 'ID'),
(4, 2, 'nsend', 70, 'ID');

-- --------------------------------------------------------

--
-- Table structure for table `location`
--

CREATE TABLE IF NOT EXISTS `location` (
  `loc_id` int(11) NOT NULL AUTO_INCREMENT,
  `loc_type` varchar(20) DEFAULT NULL,
  `country_id` varchar(2) DEFAULT 'ID',
  `parent_id` int(11) DEFAULT NULL,
  `name` varchar(100) DEFAULT NULL,
  `loc_lat` varchar(20) DEFAULT NULL,
  `loc_lng` varchar(20) DEFAULT NULL,
  `status` tinyint(1) DEFAULT NULL,
  `zipcode` varchar(10) DEFAULT NULL,
  `date_add` datetime DEFAULT NULL,
  `date_update` datetime DEFAULT NULL,
  PRIMARY KEY (`loc_id`)
) ENGINE=MyISAM  DEFAULT CHARSET=latin1 AUTO_INCREMENT=50 ;

--
-- Dumping data for table `location`
--

INSERT INTO `location` (`loc_id`, `loc_type`, `country_id`, `parent_id`, `name`, `loc_lat`, `loc_lng`, `status`, `zipcode`, `date_add`, `date_update`) VALUES
(1, 'KOTAMADYA', 'ID', 31, 'Jakarta Pusat', NULL, NULL, 1, NULL, NULL, NULL),
(6, 'KECAMATAN', 'ID', 1, 'Sawah Besar', NULL, NULL, 1, NULL, NULL, NULL),
(2, 'KOTAMADYA', 'ID', 31, 'Jakarta Utara', NULL, NULL, 1, NULL, NULL, NULL),
(3, 'KOTAMADYA', 'ID', 31, 'Jakarta Selatan', NULL, NULL, 1, NULL, NULL, NULL),
(4, 'KOTAMADYA', 'ID', 31, 'Jakarta Barat', NULL, NULL, 1, NULL, NULL, NULL),
(5, 'KOTAMADYA', 'ID', 31, 'Jakarta Timur', NULL, NULL, 1, NULL, NULL, NULL),
(8, 'KECAMATAN', 'ID', 1, 'Menteng', NULL, NULL, 1, NULL, NULL, NULL),
(9, 'KECAMATAN', 'ID', 2, 'Kelapa Gading', NULL, NULL, 1, NULL, NULL, NULL),
(10, 'KECAMATAN', 'ID', 2, 'Pademangan', NULL, NULL, 1, NULL, NULL, NULL),
(11, 'KECAMATAN', 'ID', 3, 'Kebayoran Lama', NULL, NULL, 1, NULL, NULL, NULL),
(12, 'KECAMATAN', 'ID', 3, 'Setiabudi', NULL, NULL, 1, NULL, NULL, NULL),
(13, 'KECAMATAN', 'ID', 3, 'Tebet', NULL, NULL, 1, NULL, NULL, NULL),
(14, 'KECAMATAN', 'ID', 4, 'Palmerah', NULL, NULL, 1, NULL, NULL, NULL),
(15, 'KECAMATAN', 'ID', 4, 'Kebon Jeruk', NULL, NULL, 1, NULL, NULL, NULL),
(16, 'KECAMATAN', 'ID', 4, 'Taman Sari', NULL, NULL, 1, NULL, NULL, NULL),
(17, 'KECAMATAN', 'ID', 5, 'Jatinegara', NULL, NULL, 1, NULL, NULL, NULL),
(18, 'KECAMATAN', 'ID', 5, 'Cakung', NULL, NULL, 1, NULL, NULL, NULL),
(19, 'KELURAHAN', 'ID', 6, 'Pasar Baru', '-6.1640055873353825', '106.83520984973757', 1, '10710', NULL, NULL),
(20, 'KELURAHAN', 'ID', 6, 'Kartini', '-6.15532273417091', '106.83428716983644', 1, '10750', NULL, NULL),
(23, 'KELURAHAN', 'ID', 9, 'Kelapa Gading Barat', '-6.158949496005279', '106.91054773654787', 1, '14240', NULL, NULL),
(24, 'KELURAHAN', 'ID', 11, 'Kebayoran Lama Utara', '-6.2468375264374005', '106.78566408481447', 1, '12240', NULL, NULL),
(25, 'KELURAHAN', 'ID', 11, 'Grogol Selatan', '-6.226274748609235', '106.78776693668215', 1, '12220', NULL, NULL),
(26, 'KELURAHAN', 'ID', 12, 'Karet Semanggi', '-6.224952218715787', '106.8254895242676', 1, '12930', NULL, NULL),
(27, 'KELURAHAN', 'ID', 13, 'Manggarai', '-6.212750656914249', '106.85810518588869', 1, '12850', NULL, NULL),
(28, 'KELURAHAN', 'ID', 14, 'Jati Pulo', '-6.176314941479289', '106.80798006381838', 1, '11430', NULL, NULL),
(29, 'KELURAHAN', 'ID', 14, 'Palmerah', '-6.2014447614973385', '106.79390383090822', 1, '11480', NULL, NULL),
(30, 'KELURAHAN', 'ID', 15, 'Kebon Jeruk', '-6.186256082754943', '106.77656603183596', 1, '11530', NULL, NULL),
(22, 'KELURAHAN', 'ID', 8, 'Kebon Sirih', '-6.183696150072889', '106.82862234439699', 1, '10340', NULL, NULL),
(21, 'KELURAHAN', 'ID', 8, 'Gondangdia', '-6.1932531688168035', '106.83669042911379', 1, '10350', NULL, NULL),
(7, 'KELURAHAN', 'ID', 10, 'Pademangan Timur', '-6.137316562054173', '106.85033750858156', 1, '14410', NULL, NULL),
(32, 'KOTA', 'ID', 0, 'Bandung', NULL, NULL, 1, NULL, NULL, NULL),
(31, 'KOTA', 'ID', 0, 'Jakarta', NULL, NULL, 1, NULL, NULL, NULL),
(33, 'KOTAMADYA', 'ID', 0, 'Masih Jakarta', NULL, NULL, 1, NULL, NULL, NULL),
(39, 'KOTA', 'ID', 0, 'Bogor', NULL, NULL, 1, NULL, NULL, NULL),
(40, 'KOTAMADYA', 'ID', 31, 'Jakarta Pinggir', NULL, NULL, 1, NULL, NULL, NULL),
(41, 'KECAMATAN', 'ID', 1, 'Cempaka Putih', NULL, NULL, 1, NULL, NULL, NULL),
(47, 'KELURAHAN', 'ID', 46, 'Sunter Agung', '-6.135768377371817', '106.86525638110356', 1, '14350', NULL, '2011-03-08 15:40:54'),
(46, 'KECAMATAN', 'ID', 2, 'Tanjung Priok', NULL, NULL, 1, NULL, NULL, NULL),
(49, 'KELURAHAN', 'ID', 46, 'Kebon Bawang', '-6.124332828790229', '106.89950282580571', 1, '14320 ', NULL, NULL);

-- --------------------------------------------------------

--
-- Table structure for table `log_action`
--

CREATE TABLE IF NOT EXISTS `log_action` (
  `log_id` bigint(20) NOT NULL,
  `log_dateime` datetime DEFAULT NULL,
  `log_action` varchar(255) DEFAULT NULL,
  `log_result` varchar(255) DEFAULT NULL,
  `log_param` text,
  PRIMARY KEY (`log_id`)
) ENGINE=MyISAM DEFAULT CHARSET=latin1;

--
-- Dumping data for table `log_action`
--


-- --------------------------------------------------------

--
-- Table structure for table `mentors`
--

CREATE TABLE IF NOT EXISTS `mentors` (
  `mentor_id` int(10) unsigned NOT NULL AUTO_INCREMENT,
  `name` varchar(100) DEFAULT NULL,
  `gender` char(1) DEFAULT NULL,
  `loc_id` int(11) DEFAULT NULL,
  `pos_lat` varchar(20) DEFAULT NULL,
  `pos_lng` varchar(20) DEFAULT NULL,
  `country_id` varchar(2) DEFAULT 'ID',
  `date_add` datetime DEFAULT NULL,
  `date_update` datetime DEFAULT NULL,
  `status` tinyint(1) unsigned DEFAULT NULL,
  `mdn` varchar(20) DEFAULT NULL,
  `pin` varchar(20) DEFAULT NULL,
  PRIMARY KEY (`mentor_id`)
) ENGINE=MyISAM  DEFAULT CHARSET=latin1 AUTO_INCREMENT=5 ;

--
-- Dumping data for table `mentors`
--

INSERT INTO `mentors` (`mentor_id`, `name`, `gender`, `loc_id`, `pos_lat`, `pos_lng`, `country_id`, `date_add`, `date_update`, `status`, `mdn`, `pin`) VALUES
(1, 'MENTOR 1', 'M', 25, NULL, NULL, 'ID', '2011-03-08 00:00:00', '2011-03-21 18:18:01', 1, '02196894503', '123456'),
(2, 'Mentor 2', 'F', 35, NULL, NULL, 'ID', '2011-03-08 00:00:00', '2011-03-08 00:00:00', 1, '0219000001', '123456'),
(3, 'Mentor 3', 'M', 31, NULL, NULL, 'ID', '2011-03-08 00:00:00', '2011-03-08 00:00:00', 1, '0219000002', '123456'),
(4, 'MENTOR 4', '0', NULL, '', '', 'ID', '2011-03-21 18:39:19', '2011-03-21 18:39:19', NULL, 'M', NULL);

-- --------------------------------------------------------

--
-- Table structure for table `mobile2as`
--

CREATE TABLE IF NOT EXISTS `mobile2as` (
  `mdn` char(15) NOT NULL,
  `time` datetime NOT NULL,
  `lang` int(4) NOT NULL,
  `cid` int(10) NOT NULL,
  `cmd` int(2) NOT NULL,
  `status` int(10) NOT NULL,
  `pageidsrc` int(10) DEFAULT NULL,
  `pageidreq` int(10) DEFAULT NULL,
  `request` text NOT NULL,
  `response` text NOT NULL,
  PRIMARY KEY (`mdn`,`time`) USING BTREE
) ENGINE=MyISAM DEFAULT CHARSET=latin1;

--
-- Dumping data for table `mobile2as`
--

INSERT INTO `mobile2as` (`mdn`, `time`, `lang`, `cid`, `cmd`, `status`, `pageidsrc`, `pageidreq`, `request`, `response`) VALUES
('02196894503', '2011-03-21 11:26:56', 0, 0, 0, 0, 0, 0, 'http://127.0.0.1/grameen/infokerja/auth.php?r=384826', '1_200'),
('02196894503', '2011-03-21 11:27:41', 0, 0, 0, 0, 0, 0, 'http://127.0.0.1/grameen/infokerja/auth.php?r=384826', '1_200'),
('', '2011-03-21 11:28:10', 0, 0, 0, 0, 0, 0, 'http://127.0.0.1/grameen/infokerja/getinfo.php?r=2783508', 'Info'),
('', '2011-03-21 13:36:25', 0, 0, 0, 0, 0, 0, 'http://127.0.0.1/grameen/infokerja/getinfo.php?r=870971', 'Info'),
('02196894503', '2011-03-21 13:36:33', 1, 0, 0, 0, 2, 200, 'http://127.0.0.1/grameen/infokerja/request.php?r=396728', ''),
('', '2011-03-21 13:37:28', 0, 0, 0, 0, 0, 0, 'http://127.0.0.1/grameen/infokerja/getinfo.php?r=4038696', 'Info'),
('02196894503', '2011-03-21 13:42:49', 1, 0, 0, 0, 2, 200, 'http://127.0.0.1/grameen/infokerja/request.php?r=7382812', ''),
('02196894503', '2011-03-21 13:45:35', 1, 0, 0, 0, 2, 200, 'http://127.0.0.1/grameen/infokerja/request.php?r=8493957', ''),
('', '2011-03-21 13:46:00', 0, 0, 0, 0, 0, 0, 'http://127.0.0.1/grameen/infokerja/getinfo.php?r=9403991', 'Info'),
('02196894503', '2011-03-21 13:47:08', 0, 0, 0, 0, 104, 142, 'http://127.0.0.1/grameen/infokerja/request.php?r=3457719', '142_1_2_1300690028_Manage'),
('02196894503', '2011-03-21 13:47:17', 1, 0, 0, 0, 104, 142, 'http://127.0.0.1/grameen/infokerja/request.php?r=549926', '142_1_2_1300690037_Atur'),
('02196894503', '2011-03-21 13:51:19', 0, 0, 0, 0, 104, 142, 'http://127.0.0.1/grameen/infokerja/request.php?r=3457719', '142_1_2_1300690279_Manage'),
('02196894503', '2011-03-21 13:51:22', 0, 0, 0, 0, 104, 142, 'http://127.0.0.1/grameen/infokerja/request.php?r=3457719', '142_1_2_1300690282_Manage'),
('02196894503', '2011-03-21 13:52:02', 0, 0, 0, 0, 104, 142, 'http://127.0.0.1/grameen/infokerja/request.php?r=3457719', '142_1_2_1300690322_Manage'),
('02196894503', '2011-03-21 13:52:09', 1, 0, 0, 0, 104, 142, 'http://127.0.0.1/grameen/infokerja/request.php?r=6286010', '142_1_2_1300690329_Atur'),
('02196894503', '2011-03-21 13:53:19', 1, 0, 0, 0, 104, 142, 'http://127.0.0.1/grameen/infokerja/request.php?r=4646911', '142_1_2_1300690399_Atur'),
('02196894503', '2011-03-21 13:53:24', 0, 0, 0, 0, 104, 142, 'http://127.0.0.1/grameen/infokerja/request.php?r=3457719', '142_1_2_1300690403_Manage'),
('', '2011-03-21 14:01:54', 0, 0, 0, 0, 0, 0, 'http://127.0.0.1/grameen/infokerja/getinfo.php?r=8545532', 'Info'),
('02196894503', '2011-03-21 14:02:34', 1, 0, 0, 0, 104, 142, 'http://127.0.0.1/grameen/infokerja/request.php?r=8100585', '142_1_2_1300690954_Atur'),
('02196894503', '2011-03-21 14:07:13', 1, 0, 0, 0, 104, 142, 'http://127.0.0.1/grameen/infokerja/request.php?r=9231262', '142_1_2_1300691233_Atur'),
('', '2011-03-21 14:07:36', 0, 0, 0, 0, 0, 0, 'http://127.0.0.1/grameen/infokerja/getinfo.php?r=4320983', 'Info'),
('', '2011-03-21 14:09:24', 0, 0, 0, 0, 0, 0, 'http://127.0.0.1/grameen/infokerja/getinfo.php?r=9485778', 'Info');

-- --------------------------------------------------------

--
-- Table structure for table `rel_subscriber_cat`
--

CREATE TABLE IF NOT EXISTS `rel_subscriber_cat` (
  `rel_id` int(11) NOT NULL AUTO_INCREMENT,
  `subscriber_id` int(11) DEFAULT NULL,
  `jobcat_id` tinyint(4) DEFAULT NULL,
  `date_add` date DEFAULT NULL,
  `date_active` date DEFAULT NULL,
  `date_expired` date DEFAULT NULL,
  PRIMARY KEY (`rel_id`)
) ENGINE=MyISAM  DEFAULT CHARSET=latin1 AUTO_INCREMENT=504 ;

--
-- Dumping data for table `rel_subscriber_cat`
--

INSERT INTO `rel_subscriber_cat` (`rel_id`, `subscriber_id`, `jobcat_id`, `date_add`, `date_active`, `date_expired`) VALUES
(1, 1, 3, '2011-02-18', '2011-02-18', '2001-02-25'),
(2, 2, 2, '2011-02-18', '2011-02-18', '2001-02-25'),
(3, 3, 9, '2011-02-18', '2011-02-18', '2001-02-25'),
(4, 4, 8, '2011-02-18', '2011-02-18', '2001-02-25'),
(5, 5, 10, '2011-02-18', '2011-02-18', '2001-02-25'),
(6, 6, 1, '2011-02-18', '2011-02-18', '2001-02-25'),
(7, 7, 3, '2011-02-18', '2011-02-18', '2001-02-25'),
(8, 8, 1, '2011-02-18', '2011-02-18', '2001-02-25'),
(9, 9, 9, '2011-02-18', '2011-02-18', '2001-02-25'),
(10, 10, 2, '2011-02-18', '2011-02-18', '2001-02-25'),
(11, 11, 9, '2011-02-18', '2011-02-18', '2001-02-25'),
(12, 12, 10, '2011-02-18', '2011-02-18', '2001-02-25'),
(13, 13, 3, '2011-02-18', '2011-02-18', '2001-02-25'),
(14, 14, 10, '2011-02-18', '2011-02-18', '2001-02-25'),
(15, 15, 9, '2011-02-18', '2011-02-18', '2001-02-25'),
(16, 16, 5, '2011-02-18', '2011-02-18', '2001-02-25'),
(17, 17, 2, '2011-02-18', '2011-02-18', '2001-02-25'),
(18, 18, 4, '2011-02-18', '2011-02-18', '2001-02-25'),
(19, 19, 7, '2011-02-18', '2011-02-18', '2001-02-25'),
(20, 20, 5, '2011-02-18', '2011-02-18', '2001-02-25'),
(21, 21, 10, '2011-02-18', '2011-02-18', '2001-02-25'),
(22, 22, 9, '2011-02-18', '2011-02-18', '2001-02-25'),
(23, 23, 5, '2011-02-18', '2011-02-18', '2001-02-25'),
(24, 24, 11, '2011-02-18', '2011-02-18', '2001-02-25'),
(25, 25, 2, '2011-02-18', '2011-02-18', '2001-02-25'),
(26, 26, 4, '2011-02-18', '2011-02-18', '2001-02-25'),
(27, 27, 10, '2011-02-18', '2011-02-18', '2001-02-25'),
(28, 28, 11, '2011-02-18', '2011-02-18', '2001-02-25'),
(29, 29, 5, '2011-02-18', '2011-02-18', '2001-02-25'),
(30, 30, 4, '2011-02-18', '2011-02-18', '2001-02-25'),
(31, 31, 1, '2011-02-18', '2011-02-18', '2001-02-25'),
(32, 32, 6, '2011-02-18', '2011-02-18', '2001-02-25'),
(33, 33, 6, '2011-02-18', '2011-02-18', '2001-02-25'),
(34, 34, 10, '2011-02-18', '2011-02-18', '2001-02-25'),
(35, 35, 6, '2011-02-18', '2011-02-18', '2001-02-25'),
(36, 36, 4, '2011-02-18', '2011-02-18', '2001-02-25'),
(37, 37, 8, '2011-02-18', '2011-02-18', '2001-02-25'),
(38, 38, 5, '2011-02-18', '2011-02-18', '2001-02-25'),
(39, 39, 4, '2011-02-18', '2011-02-18', '2001-02-25'),
(40, 40, 8, '2011-02-18', '2011-02-18', '2001-02-25'),
(41, 41, 10, '2011-02-18', '2011-02-18', '2001-02-25'),
(42, 42, 10, '2011-02-18', '2011-02-18', '2001-02-25'),
(43, 43, 2, '2011-02-18', '2011-02-18', '2001-02-25'),
(44, 44, 3, '2011-02-18', '2011-02-18', '2001-02-25'),
(45, 45, 5, '2011-02-18', '2011-02-18', '2001-02-25'),
(46, 46, 9, '2011-02-18', '2011-02-18', '2001-02-25'),
(47, 47, 11, '2011-02-18', '2011-02-18', '2001-02-25'),
(48, 48, 3, '2011-02-18', '2011-02-18', '2001-02-25'),
(49, 49, 2, '2011-02-18', '2011-02-18', '2001-02-25'),
(50, 50, 11, '2011-02-18', '2011-02-18', '2001-02-25'),
(51, 51, 6, '2011-02-18', '2011-02-18', '2001-02-25'),
(52, 52, 5, '2011-02-18', '2011-02-18', '2001-02-25'),
(53, 53, 5, '2011-02-18', '2011-02-18', '2001-02-25'),
(54, 54, 1, '2011-02-18', '2011-02-18', '2001-02-25'),
(55, 55, 9, '2011-02-18', '2011-02-18', '2001-02-25'),
(56, 56, 1, '2011-02-18', '2011-02-18', '2001-02-25'),
(57, 57, 11, '2011-02-18', '2011-02-18', '2001-02-25'),
(58, 58, 11, '2011-02-18', '2011-02-18', '2001-02-25'),
(59, 59, 5, '2011-02-18', '2011-02-18', '2001-02-25'),
(60, 60, 8, '2011-02-18', '2011-02-18', '2001-02-25'),
(61, 61, 3, '2011-02-18', '2011-02-18', '2001-02-25'),
(62, 62, 2, '2011-02-18', '2011-02-18', '2001-02-25'),
(63, 63, 6, '2011-02-18', '2011-02-18', '2001-02-25'),
(64, 64, 9, '2011-02-18', '2011-02-18', '2001-02-25'),
(65, 65, 2, '2011-02-18', '2011-02-18', '2001-02-25'),
(66, 66, 6, '2011-02-18', '2011-02-18', '2001-02-25'),
(67, 67, 7, '2011-02-18', '2011-02-18', '2001-02-25'),
(68, 68, 9, '2011-02-18', '2011-02-18', '2001-02-25'),
(69, 69, 10, '2011-02-18', '2011-02-18', '2001-02-25'),
(70, 70, 8, '2011-02-18', '2011-02-18', '2001-02-25'),
(71, 71, 9, '2011-02-18', '2011-02-18', '2001-02-25'),
(72, 72, 2, '2011-02-18', '2011-02-18', '2001-02-25'),
(73, 73, 5, '2011-02-18', '2011-02-18', '2001-02-25'),
(74, 74, 6, '2011-02-18', '2011-02-18', '2001-02-25'),
(75, 75, 9, '2011-02-18', '2011-02-18', '2001-02-25'),
(76, 76, 5, '2011-02-18', '2011-02-18', '2001-02-25'),
(77, 77, 11, '2011-02-18', '2011-02-18', '2001-02-25'),
(78, 78, 6, '2011-02-18', '2011-02-18', '2001-02-25'),
(79, 79, 7, '2011-02-18', '2011-02-18', '2001-02-25'),
(80, 80, 11, '2011-02-18', '2011-02-18', '2001-02-25'),
(81, 81, 6, '2011-02-18', '2011-02-18', '2001-02-25'),
(82, 82, 7, '2011-02-18', '2011-02-18', '2001-02-25'),
(83, 83, 9, '2011-02-18', '2011-02-18', '2001-02-25'),
(84, 84, 4, '2011-02-18', '2011-02-18', '2001-02-25'),
(85, 85, 3, '2011-02-18', '2011-02-18', '2001-02-25'),
(86, 86, 3, '2011-02-18', '2011-02-18', '2001-02-25'),
(87, 87, 5, '2011-02-18', '2011-02-18', '2001-02-25'),
(88, 88, 11, '2011-02-18', '2011-02-18', '2001-02-25'),
(89, 89, 2, '2011-02-18', '2011-02-18', '2001-02-25'),
(90, 90, 6, '2011-02-18', '2011-02-18', '2001-02-25'),
(91, 91, 3, '2011-02-18', '2011-02-18', '2001-02-25'),
(92, 92, 4, '2011-02-18', '2011-02-18', '2001-02-25'),
(93, 93, 6, '2011-02-18', '2011-02-18', '2001-02-25'),
(94, 94, 9, '2011-02-18', '2011-02-18', '2001-02-25'),
(95, 95, 3, '2011-02-18', '2011-02-18', '2001-02-25'),
(96, 96, 10, '2011-02-18', '2011-02-18', '2001-02-25'),
(97, 97, 2, '2011-02-18', '2011-02-18', '2001-02-25'),
(98, 98, 1, '2011-02-18', '2011-02-18', '2001-02-25'),
(99, 99, 1, '2011-02-18', '2011-02-18', '2001-02-25'),
(100, 100, 2, '2011-02-18', '2011-02-18', '2001-02-25'),
(101, 101, 5, '2011-02-24', '2011-02-24', '2011-03-05'),
(102, 102, 8, '2011-02-24', '2011-02-24', '2011-03-05'),
(103, 103, 6, '2011-02-24', '2011-02-24', '2011-03-05'),
(104, 104, 2, '2011-02-24', '2011-02-24', '2011-03-05'),
(105, 105, 3, '2011-02-24', '2011-02-24', '2011-03-05'),
(106, 106, 10, '2011-02-24', '2011-02-24', '2011-03-05'),
(107, 107, 2, '2011-02-24', '2011-02-24', '2011-03-05'),
(108, 108, 2, '2011-02-24', '2011-02-24', '2011-03-05'),
(109, 109, 5, '2011-02-24', '2011-02-24', '2011-03-05'),
(110, 110, 10, '2011-02-24', '2011-02-24', '2011-03-05'),
(111, 111, 7, '2011-02-24', '2011-02-24', '2011-03-05'),
(112, 112, 4, '2011-02-24', '2011-02-24', '2011-03-05'),
(113, 113, 8, '2011-02-24', '2011-02-24', '2011-03-05'),
(114, 114, 6, '2011-02-24', '2011-02-24', '2011-03-05'),
(115, 115, 6, '2011-02-24', '2011-02-24', '2011-03-05'),
(116, 116, 6, '2011-02-24', '2011-02-24', '2011-03-05'),
(117, 117, 11, '2011-02-24', '2011-02-24', '2011-03-05'),
(118, 118, 5, '2011-02-24', '2011-02-24', '2011-03-05'),
(119, 119, 8, '2011-02-24', '2011-02-24', '2011-03-05'),
(120, 120, 5, '2011-02-24', '2011-02-24', '2011-03-05'),
(121, 121, 10, '2011-02-24', '2011-02-24', '2011-03-05'),
(122, 122, 5, '2011-02-24', '2011-02-24', '2011-03-05'),
(123, 123, 11, '2011-02-24', '2011-02-24', '2011-03-05'),
(124, 124, 9, '2011-02-24', '2011-02-24', '2011-03-05'),
(125, 125, 2, '2011-02-24', '2011-02-24', '2011-03-05'),
(126, 126, 4, '2011-02-24', '2011-02-24', '2011-03-05'),
(127, 127, 11, '2011-02-24', '2011-02-24', '2011-03-05'),
(128, 128, 4, '2011-02-24', '2011-02-24', '2011-03-05'),
(129, 129, 6, '2011-02-24', '2011-02-24', '2011-03-05'),
(130, 130, 9, '2011-02-24', '2011-02-24', '2011-03-05'),
(131, 131, 6, '2011-02-24', '2011-02-24', '2011-03-05'),
(132, 132, 10, '2011-02-24', '2011-02-24', '2011-03-05'),
(133, 133, 10, '2011-02-24', '2011-02-24', '2011-03-05'),
(134, 134, 7, '2011-02-24', '2011-02-24', '2011-03-05'),
(135, 135, 4, '2011-02-24', '2011-02-24', '2011-03-05'),
(136, 136, 2, '2011-02-24', '2011-02-24', '2011-03-05'),
(137, 137, 10, '2011-02-24', '2011-02-24', '2011-03-05'),
(138, 138, 5, '2011-02-24', '2011-02-24', '2011-03-05'),
(139, 139, 2, '2011-02-24', '2011-02-24', '2011-03-05'),
(140, 140, 10, '2011-02-24', '2011-02-24', '2011-03-05'),
(141, 141, 3, '2011-02-24', '2011-02-24', '2011-03-05'),
(142, 142, 2, '2011-02-24', '2011-02-24', '2011-03-05'),
(143, 143, 8, '2011-02-24', '2011-02-24', '2011-03-05'),
(144, 144, 9, '2011-02-24', '2011-02-24', '2011-03-05'),
(145, 145, 8, '2011-02-24', '2011-02-24', '2011-03-05'),
(146, 146, 5, '2011-02-24', '2011-02-24', '2011-03-05'),
(147, 147, 10, '2011-02-24', '2011-02-24', '2011-03-05'),
(148, 148, 7, '2011-02-24', '2011-02-24', '2011-03-05'),
(149, 149, 2, '2011-02-24', '2011-02-24', '2011-03-05'),
(150, 150, 1, '2011-02-24', '2011-02-24', '2011-03-05'),
(151, 151, 3, '2011-02-24', '2011-02-24', '2011-03-05'),
(152, 152, 3, '2011-02-24', '2011-02-24', '2011-03-05'),
(153, 153, 3, '2011-02-24', '2011-02-24', '2011-03-05'),
(154, 154, 9, '2011-02-24', '2011-02-24', '2011-03-05'),
(155, 155, 8, '2011-02-24', '2011-02-24', '2011-03-05'),
(156, 156, 3, '2011-02-24', '2011-02-24', '2011-03-05'),
(157, 157, 8, '2011-02-24', '2011-02-24', '2011-03-05'),
(158, 158, 4, '2011-02-24', '2011-02-24', '2011-03-05'),
(159, 159, 10, '2011-02-24', '2011-02-24', '2011-03-05'),
(160, 160, 6, '2011-02-24', '2011-02-24', '2011-03-05'),
(161, 161, 3, '2011-02-24', '2011-02-24', '2011-03-05'),
(162, 162, 6, '2011-02-24', '2011-02-24', '2011-03-05'),
(163, 163, 7, '2011-02-24', '2011-02-24', '2011-03-05'),
(164, 164, 8, '2011-02-24', '2011-02-24', '2011-03-05'),
(165, 165, 9, '2011-02-24', '2011-02-24', '2011-03-05'),
(166, 166, 11, '2011-02-24', '2011-02-24', '2011-03-05'),
(167, 167, 6, '2011-02-24', '2011-02-24', '2011-03-05'),
(168, 168, 7, '2011-02-24', '2011-02-24', '2011-03-05'),
(169, 169, 11, '2011-02-24', '2011-02-24', '2011-03-05'),
(170, 170, 6, '2011-02-24', '2011-02-24', '2011-03-05'),
(171, 171, 7, '2011-02-24', '2011-02-24', '2011-03-05'),
(172, 172, 1, '2011-02-24', '2011-02-24', '2011-03-05'),
(173, 173, 6, '2011-02-24', '2011-02-24', '2011-03-05'),
(174, 174, 11, '2011-02-24', '2011-02-24', '2011-03-05'),
(175, 175, 4, '2011-02-24', '2011-02-24', '2011-03-05'),
(176, 176, 7, '2011-02-24', '2011-02-24', '2011-03-05'),
(177, 177, 3, '2011-02-24', '2011-02-24', '2011-03-05'),
(178, 178, 11, '2011-02-24', '2011-02-24', '2011-03-05'),
(179, 179, 8, '2011-02-24', '2011-02-24', '2011-03-05'),
(180, 180, 2, '2011-02-24', '2011-02-24', '2011-03-05'),
(181, 181, 9, '2011-02-24', '2011-02-24', '2011-03-05'),
(182, 182, 3, '2011-02-24', '2011-02-24', '2011-03-05'),
(183, 183, 3, '2011-02-24', '2011-02-24', '2011-03-05'),
(184, 184, 5, '2011-02-24', '2011-02-24', '2011-03-05'),
(185, 185, 1, '2011-02-24', '2011-02-24', '2011-03-05'),
(186, 186, 8, '2011-02-24', '2011-02-24', '2011-03-05'),
(187, 187, 10, '2011-02-24', '2011-02-24', '2011-03-05'),
(188, 188, 2, '2011-02-24', '2011-02-24', '2011-03-05'),
(189, 189, 8, '2011-02-24', '2011-02-24', '2011-03-05'),
(190, 190, 10, '2011-02-24', '2011-02-24', '2011-03-05'),
(191, 191, 3, '2011-02-24', '2011-02-24', '2011-03-05'),
(192, 192, 2, '2011-02-24', '2011-02-24', '2011-03-05'),
(193, 193, 6, '2011-02-24', '2011-02-24', '2011-03-05'),
(194, 194, 8, '2011-02-24', '2011-02-24', '2011-03-05'),
(195, 195, 2, '2011-02-24', '2011-02-24', '2011-03-05'),
(196, 196, 1, '2011-02-24', '2011-02-24', '2011-03-05'),
(197, 197, 3, '2011-02-24', '2011-02-24', '2011-03-05'),
(198, 198, 10, '2011-02-24', '2011-02-24', '2011-03-05'),
(199, 199, 4, '2011-02-24', '2011-02-24', '2011-03-05'),
(200, 200, 7, '2011-02-24', '2011-02-24', '2011-03-05'),
(201, 201, 7, '2011-02-24', '2011-02-24', '2011-03-05'),
(202, 202, 2, '2011-02-24', '2011-02-24', '2011-03-05'),
(203, 203, 6, '2011-02-24', '2011-02-24', '2011-03-05'),
(204, 204, 8, '2011-02-24', '2011-02-24', '2011-03-05'),
(205, 205, 4, '2011-02-24', '2011-02-24', '2011-03-05'),
(206, 206, 3, '2011-02-24', '2011-02-24', '2011-03-05'),
(207, 207, 6, '2011-02-24', '2011-02-24', '2011-03-05'),
(208, 208, 11, '2011-02-24', '2011-02-24', '2011-03-05'),
(209, 209, 3, '2011-02-24', '2011-02-24', '2011-03-05'),
(210, 210, 10, '2011-02-24', '2011-02-24', '2011-03-05'),
(211, 211, 11, '2011-02-24', '2011-02-24', '2011-03-05'),
(212, 212, 3, '2011-02-24', '2011-02-24', '2011-03-05'),
(213, 213, 11, '2011-02-24', '2011-02-24', '2011-03-05'),
(214, 214, 10, '2011-02-24', '2011-02-24', '2011-03-05'),
(215, 215, 9, '2011-02-24', '2011-02-24', '2011-03-05'),
(216, 216, 3, '2011-02-24', '2011-02-24', '2011-03-05'),
(217, 217, 5, '2011-02-24', '2011-02-24', '2011-03-05'),
(218, 218, 11, '2011-02-24', '2011-02-24', '2011-03-05'),
(219, 219, 7, '2011-02-24', '2011-02-24', '2011-03-05'),
(220, 220, 7, '2011-02-24', '2011-02-24', '2011-03-05'),
(221, 221, 3, '2011-02-24', '2011-02-24', '2011-03-05'),
(222, 222, 11, '2011-02-24', '2011-02-24', '2011-03-05'),
(223, 223, 2, '2011-02-24', '2011-02-24', '2011-03-05'),
(224, 224, 3, '2011-02-24', '2011-02-24', '2011-03-05'),
(225, 225, 3, '2011-02-24', '2011-02-24', '2011-03-05'),
(226, 226, 5, '2011-02-24', '2011-02-24', '2011-03-05'),
(227, 227, 3, '2011-02-24', '2011-02-24', '2011-03-05'),
(228, 228, 10, '2011-02-24', '2011-02-24', '2011-03-05'),
(229, 229, 2, '2011-02-24', '2011-02-24', '2011-03-05'),
(230, 230, 4, '2011-02-24', '2011-02-24', '2011-03-05'),
(231, 231, 7, '2011-02-24', '2011-02-24', '2011-03-05'),
(232, 232, 2, '2011-02-24', '2011-02-24', '2011-03-05'),
(233, 233, 8, '2011-02-24', '2011-02-24', '2011-03-05'),
(234, 234, 3, '2011-02-24', '2011-02-24', '2011-03-05'),
(235, 235, 11, '2011-02-24', '2011-02-24', '2011-03-05'),
(236, 236, 10, '2011-02-24', '2011-02-24', '2011-03-05'),
(237, 237, 7, '2011-02-24', '2011-02-24', '2011-03-05'),
(238, 238, 1, '2011-02-24', '2011-02-24', '2011-03-05'),
(239, 239, 2, '2011-02-24', '2011-02-24', '2011-03-05'),
(240, 240, 10, '2011-02-24', '2011-02-24', '2011-03-05'),
(241, 241, 8, '2011-02-24', '2011-02-24', '2011-03-05'),
(242, 242, 5, '2011-02-24', '2011-02-24', '2011-03-05'),
(243, 243, 10, '2011-02-24', '2011-02-24', '2011-03-05'),
(244, 244, 9, '2011-02-24', '2011-02-24', '2011-03-05'),
(245, 245, 8, '2011-02-24', '2011-02-24', '2011-03-05'),
(246, 246, 1, '2011-02-24', '2011-02-24', '2011-03-05'),
(247, 247, 9, '2011-02-24', '2011-02-24', '2011-03-05'),
(248, 248, 6, '2011-02-24', '2011-02-24', '2011-03-05'),
(249, 249, 4, '2011-02-24', '2011-02-24', '2011-03-05'),
(250, 250, 10, '2011-02-24', '2011-02-24', '2011-03-05'),
(251, 251, 9, '2011-02-24', '2011-02-24', '2011-03-05'),
(252, 252, 7, '2011-02-24', '2011-02-24', '2011-03-05'),
(253, 253, 4, '2011-02-24', '2011-02-24', '2011-03-05'),
(254, 254, 6, '2011-02-24', '2011-02-24', '2011-03-05'),
(255, 255, 6, '2011-02-24', '2011-02-24', '2011-03-05'),
(256, 256, 10, '2011-02-24', '2011-02-24', '2011-03-05'),
(257, 257, 6, '2011-02-24', '2011-02-24', '2011-03-05'),
(258, 258, 8, '2011-02-24', '2011-02-24', '2011-03-05'),
(259, 259, 9, '2011-02-24', '2011-02-24', '2011-03-05'),
(260, 260, 2, '2011-02-24', '2011-02-24', '2011-03-05'),
(261, 261, 7, '2011-02-24', '2011-02-24', '2011-03-05'),
(262, 262, 3, '2011-02-24', '2011-02-24', '2011-03-05'),
(263, 263, 4, '2011-02-24', '2011-02-24', '2011-03-05'),
(264, 264, 2, '2011-02-24', '2011-02-24', '2011-03-05'),
(265, 265, 4, '2011-02-24', '2011-02-24', '2011-03-05'),
(266, 266, 10, '2011-02-24', '2011-02-24', '2011-03-05'),
(267, 267, 11, '2011-02-24', '2011-02-24', '2011-03-05'),
(268, 268, 7, '2011-02-24', '2011-02-24', '2011-03-05'),
(269, 269, 5, '2011-02-24', '2011-02-24', '2011-03-05'),
(270, 270, 4, '2011-02-24', '2011-02-24', '2011-03-05'),
(271, 271, 4, '2011-02-24', '2011-02-24', '2011-03-05'),
(272, 272, 3, '2011-02-24', '2011-02-24', '2011-03-05'),
(273, 273, 8, '2011-02-24', '2011-02-24', '2011-03-05'),
(274, 274, 4, '2011-02-24', '2011-02-24', '2011-03-05'),
(275, 275, 2, '2011-02-24', '2011-02-24', '2011-03-05'),
(276, 276, 10, '2011-02-24', '2011-02-24', '2011-03-05'),
(277, 277, 10, '2011-02-24', '2011-02-24', '2011-03-05'),
(278, 278, 8, '2011-02-24', '2011-02-24', '2011-03-05'),
(279, 279, 4, '2011-02-24', '2011-02-24', '2011-03-05'),
(280, 280, 3, '2011-02-24', '2011-02-24', '2011-03-05'),
(281, 281, 8, '2011-02-24', '2011-02-24', '2011-03-05'),
(282, 282, 3, '2011-02-24', '2011-02-24', '2011-03-05'),
(283, 283, 6, '2011-02-24', '2011-02-24', '2011-03-05'),
(284, 284, 1, '2011-02-24', '2011-02-24', '2011-03-05'),
(285, 285, 10, '2011-02-24', '2011-02-24', '2011-03-05'),
(286, 286, 6, '2011-02-24', '2011-02-24', '2011-03-05'),
(287, 287, 5, '2011-02-24', '2011-02-24', '2011-03-05'),
(288, 288, 1, '2011-02-24', '2011-02-24', '2011-03-05'),
(289, 289, 3, '2011-02-24', '2011-02-24', '2011-03-05'),
(290, 290, 5, '2011-02-24', '2011-02-24', '2011-03-05'),
(291, 291, 10, '2011-02-24', '2011-02-24', '2011-03-05'),
(292, 292, 11, '2011-02-24', '2011-02-24', '2011-03-05'),
(293, 293, 6, '2011-02-24', '2011-02-24', '2011-03-05'),
(294, 294, 7, '2011-02-24', '2011-02-24', '2011-03-05'),
(295, 295, 7, '2011-02-24', '2011-02-24', '2011-03-05'),
(296, 296, 8, '2011-02-24', '2011-02-24', '2011-03-05'),
(297, 297, 5, '2011-02-24', '2011-02-24', '2011-03-05'),
(298, 298, 11, '2011-02-24', '2011-02-24', '2011-03-05'),
(299, 299, 5, '2011-02-24', '2011-02-24', '2011-03-05'),
(300, 300, 9, '2011-02-24', '2011-02-24', '2011-03-05'),
(301, 301, 8, '2011-02-24', '2011-02-24', '2011-03-05'),
(302, 302, 1, '2011-02-24', '2011-02-24', '2011-03-05'),
(303, 303, 11, '2011-02-24', '2011-02-24', '2011-03-05'),
(304, 304, 2, '2011-02-24', '2011-02-24', '2011-03-05'),
(305, 305, 2, '2011-02-24', '2011-02-24', '2011-03-05'),
(306, 306, 9, '2011-02-24', '2011-02-24', '2011-03-05'),
(307, 307, 11, '2011-02-24', '2011-02-24', '2011-03-05'),
(308, 308, 5, '2011-02-24', '2011-02-24', '2011-03-05'),
(309, 309, 6, '2011-02-24', '2011-02-24', '2011-03-05'),
(310, 310, 10, '2011-02-24', '2011-02-24', '2011-03-05'),
(311, 311, 4, '2011-02-24', '2011-02-24', '2011-03-05'),
(312, 312, 6, '2011-02-24', '2011-02-24', '2011-03-05'),
(313, 313, 6, '2011-02-24', '2011-02-24', '2011-03-05'),
(314, 314, 1, '2011-02-24', '2011-02-24', '2011-03-05'),
(315, 315, 8, '2011-02-24', '2011-02-24', '2011-03-05'),
(316, 316, 11, '2011-02-24', '2011-02-24', '2011-03-05'),
(317, 317, 11, '2011-02-24', '2011-02-24', '2011-03-05'),
(318, 318, 1, '2011-02-24', '2011-02-24', '2011-03-05'),
(319, 319, 10, '2011-02-24', '2011-02-24', '2011-03-05'),
(320, 320, 8, '2011-02-24', '2011-02-24', '2011-03-05'),
(321, 321, 6, '2011-02-24', '2011-02-24', '2011-03-05'),
(322, 322, 7, '2011-02-24', '2011-02-24', '2011-03-05'),
(323, 323, 6, '2011-02-24', '2011-02-24', '2011-03-05'),
(324, 324, 4, '2011-02-24', '2011-02-24', '2011-03-05'),
(325, 325, 11, '2011-02-24', '2011-02-24', '2011-03-05'),
(326, 326, 6, '2011-02-24', '2011-02-24', '2011-03-05'),
(327, 327, 5, '2011-02-24', '2011-02-24', '2011-03-05'),
(328, 328, 8, '2011-02-24', '2011-02-24', '2011-03-05'),
(329, 329, 1, '2011-02-24', '2011-02-24', '2011-03-05'),
(330, 330, 6, '2011-02-24', '2011-02-24', '2011-03-05'),
(331, 331, 4, '2011-02-24', '2011-02-24', '2011-03-05'),
(332, 332, 6, '2011-02-24', '2011-02-24', '2011-03-05'),
(333, 333, 6, '2011-02-24', '2011-02-24', '2011-03-05'),
(334, 334, 5, '2011-02-24', '2011-02-24', '2011-03-05'),
(335, 335, 1, '2011-02-24', '2011-02-24', '2011-03-05'),
(336, 336, 6, '2011-02-24', '2011-02-24', '2011-03-05'),
(337, 337, 2, '2011-02-24', '2011-02-24', '2011-03-05'),
(338, 338, 9, '2011-02-24', '2011-02-24', '2011-03-05'),
(339, 339, 4, '2011-02-24', '2011-02-24', '2011-03-05'),
(340, 340, 6, '2011-02-24', '2011-02-24', '2011-03-05'),
(341, 341, 8, '2011-02-24', '2011-02-24', '2011-03-05'),
(342, 342, 7, '2011-02-24', '2011-02-24', '2011-03-05'),
(343, 343, 10, '2011-02-24', '2011-02-24', '2011-03-05'),
(344, 344, 3, '2011-02-24', '2011-02-24', '2011-03-05'),
(345, 345, 10, '2011-02-24', '2011-02-24', '2011-03-05'),
(346, 346, 5, '2011-02-24', '2011-02-24', '2011-03-05'),
(347, 347, 5, '2011-02-24', '2011-02-24', '2011-03-05'),
(348, 348, 5, '2011-02-24', '2011-02-24', '2011-03-05'),
(349, 349, 6, '2011-02-24', '2011-02-24', '2011-03-05'),
(350, 350, 1, '2011-02-24', '2011-02-24', '2011-03-05'),
(351, 351, 8, '2011-02-24', '2011-02-24', '2011-03-05'),
(352, 352, 9, '2011-02-24', '2011-02-24', '2011-03-05'),
(353, 353, 3, '2011-02-24', '2011-02-24', '2011-03-05'),
(354, 354, 4, '2011-02-24', '2011-02-24', '2011-03-05'),
(355, 355, 7, '2011-02-24', '2011-02-24', '2011-03-05'),
(356, 356, 2, '2011-02-24', '2011-02-24', '2011-03-05'),
(357, 357, 10, '2011-02-24', '2011-02-24', '2011-03-05'),
(358, 358, 11, '2011-02-24', '2011-02-24', '2011-03-05'),
(359, 359, 8, '2011-02-24', '2011-02-24', '2011-03-05'),
(360, 360, 2, '2011-02-24', '2011-02-24', '2011-03-05'),
(361, 361, 2, '2011-02-24', '2011-02-24', '2011-03-05'),
(362, 362, 7, '2011-02-24', '2011-02-24', '2011-03-05'),
(363, 363, 9, '2011-02-24', '2011-02-24', '2011-03-05'),
(364, 364, 8, '2011-02-24', '2011-02-24', '2011-03-05'),
(365, 365, 9, '2011-02-24', '2011-02-24', '2011-03-05'),
(366, 366, 2, '2011-02-24', '2011-02-24', '2011-03-05'),
(367, 367, 8, '2011-02-24', '2011-02-24', '2011-03-05'),
(368, 368, 5, '2011-02-24', '2011-02-24', '2011-03-05'),
(369, 369, 8, '2011-02-24', '2011-02-24', '2011-03-05'),
(370, 370, 3, '2011-02-24', '2011-02-24', '2011-03-05'),
(371, 371, 2, '2011-02-24', '2011-02-24', '2011-03-05'),
(372, 372, 1, '2011-02-24', '2011-02-24', '2011-03-05'),
(373, 373, 5, '2011-02-24', '2011-02-24', '2011-03-05'),
(374, 374, 8, '2011-02-24', '2011-02-24', '2011-03-05'),
(375, 375, 10, '2011-02-24', '2011-02-24', '2011-03-05'),
(376, 376, 6, '2011-02-24', '2011-02-24', '2011-03-05'),
(377, 377, 9, '2011-02-24', '2011-02-24', '2011-03-05'),
(378, 378, 3, '2011-02-24', '2011-02-24', '2011-03-05'),
(379, 379, 7, '2011-02-24', '2011-02-24', '2011-03-05'),
(380, 380, 4, '2011-02-24', '2011-02-24', '2011-03-05'),
(381, 381, 6, '2011-02-24', '2011-02-24', '2011-03-05'),
(382, 382, 7, '2011-02-24', '2011-02-24', '2011-03-05'),
(383, 383, 2, '2011-02-24', '2011-02-24', '2011-03-05'),
(384, 384, 5, '2011-02-24', '2011-02-24', '2011-03-05'),
(385, 385, 5, '2011-02-24', '2011-02-24', '2011-03-05'),
(386, 386, 7, '2011-02-24', '2011-02-24', '2011-03-05'),
(387, 387, 2, '2011-02-24', '2011-02-24', '2011-03-05'),
(388, 388, 5, '2011-02-24', '2011-02-24', '2011-03-05'),
(389, 389, 4, '2011-02-24', '2011-02-24', '2011-03-05'),
(390, 390, 10, '2011-02-24', '2011-02-24', '2011-03-05'),
(391, 391, 5, '2011-02-24', '2011-02-24', '2011-03-05'),
(392, 392, 2, '2011-02-24', '2011-02-24', '2011-03-05'),
(393, 393, 9, '2011-02-24', '2011-02-24', '2011-03-05'),
(394, 394, 3, '2011-02-24', '2011-02-24', '2011-03-05'),
(395, 395, 9, '2011-02-24', '2011-02-24', '2011-03-05'),
(396, 396, 5, '2011-02-24', '2011-02-24', '2011-03-05'),
(397, 397, 7, '2011-02-24', '2011-02-24', '2011-03-05'),
(398, 398, 5, '2011-02-24', '2011-02-24', '2011-03-05'),
(399, 399, 10, '2011-02-24', '2011-02-24', '2011-03-05'),
(400, 400, 9, '2011-02-24', '2011-02-24', '2011-03-05'),
(401, 401, 7, '2011-02-24', '2011-02-24', '2011-03-05'),
(402, 402, 3, '2011-02-24', '2011-02-24', '2011-03-05'),
(403, 403, 6, '2011-02-24', '2011-02-24', '2011-03-05'),
(404, 404, 2, '2011-02-24', '2011-02-24', '2011-03-05'),
(405, 405, 7, '2011-02-24', '2011-02-24', '2011-03-05'),
(406, 406, 5, '2011-02-24', '2011-02-24', '2011-03-05'),
(407, 407, 5, '2011-02-24', '2011-02-24', '2011-03-05'),
(408, 408, 3, '2011-02-24', '2011-02-24', '2011-03-05'),
(409, 409, 2, '2011-02-24', '2011-02-24', '2011-03-05'),
(410, 410, 7, '2011-02-24', '2011-02-24', '2011-03-05'),
(411, 411, 4, '2011-02-24', '2011-02-24', '2011-03-05'),
(412, 412, 9, '2011-02-24', '2011-02-24', '2011-03-05'),
(413, 413, 1, '2011-02-24', '2011-02-24', '2011-03-05'),
(414, 414, 8, '2011-02-24', '2011-02-24', '2011-03-05'),
(415, 415, 1, '2011-02-24', '2011-02-24', '2011-03-05'),
(416, 416, 6, '2011-02-24', '2011-02-24', '2011-03-05'),
(417, 417, 3, '2011-02-24', '2011-02-24', '2011-03-05'),
(418, 418, 4, '2011-02-24', '2011-02-24', '2011-03-05'),
(419, 419, 3, '2011-02-24', '2011-02-24', '2011-03-05'),
(420, 420, 3, '2011-02-24', '2011-02-24', '2011-03-05'),
(421, 421, 3, '2011-02-24', '2011-02-24', '2011-03-05'),
(422, 422, 3, '2011-02-24', '2011-02-24', '2011-03-05'),
(423, 423, 8, '2011-02-24', '2011-02-24', '2011-03-05'),
(424, 424, 8, '2011-02-24', '2011-02-24', '2011-03-05'),
(425, 425, 10, '2011-02-24', '2011-02-24', '2011-03-05'),
(426, 426, 4, '2011-02-24', '2011-02-24', '2011-03-05'),
(427, 427, 3, '2011-02-24', '2011-02-24', '2011-03-05'),
(428, 428, 7, '2011-02-24', '2011-02-24', '2011-03-05'),
(429, 429, 11, '2011-02-24', '2011-02-24', '2011-03-05'),
(430, 430, 3, '2011-02-24', '2011-02-24', '2011-03-05'),
(431, 431, 6, '2011-02-24', '2011-02-24', '2011-03-05'),
(432, 432, 8, '2011-02-24', '2011-02-24', '2011-03-05'),
(433, 433, 2, '2011-02-24', '2011-02-24', '2011-03-05'),
(434, 434, 8, '2011-02-24', '2011-02-24', '2011-03-05'),
(435, 435, 4, '2011-02-24', '2011-02-24', '2011-03-05'),
(436, 436, 8, '2011-02-24', '2011-02-24', '2011-03-05'),
(437, 437, 3, '2011-02-24', '2011-02-24', '2011-03-05'),
(438, 438, 6, '2011-02-24', '2011-02-24', '2011-03-05'),
(439, 439, 5, '2011-02-24', '2011-02-24', '2011-03-05'),
(440, 440, 6, '2011-02-24', '2011-02-24', '2011-03-05'),
(441, 441, 11, '2011-02-24', '2011-02-24', '2011-03-05'),
(442, 442, 5, '2011-02-24', '2011-02-24', '2011-03-05'),
(443, 443, 6, '2011-02-24', '2011-02-24', '2011-03-05'),
(444, 444, 8, '2011-02-24', '2011-02-24', '2011-03-05'),
(445, 445, 2, '2011-02-24', '2011-02-24', '2011-03-05'),
(446, 446, 3, '2011-02-24', '2011-02-24', '2011-03-05'),
(447, 447, 5, '2011-02-24', '2011-02-24', '2011-03-05'),
(448, 448, 2, '2011-02-24', '2011-02-24', '2011-03-05'),
(449, 449, 5, '2011-02-24', '2011-02-24', '2011-03-05'),
(450, 450, 6, '2011-02-24', '2011-02-24', '2011-03-05'),
(451, 451, 9, '2011-02-24', '2011-02-24', '2011-03-05'),
(452, 452, 7, '2011-02-24', '2011-02-24', '2011-03-05'),
(453, 453, 7, '2011-02-24', '2011-02-24', '2011-03-05'),
(454, 454, 2, '2011-02-24', '2011-02-24', '2011-03-05'),
(455, 455, 6, '2011-02-24', '2011-02-24', '2011-03-05'),
(456, 456, 8, '2011-02-24', '2011-02-24', '2011-03-05'),
(457, 457, 6, '2011-02-24', '2011-02-24', '2011-03-05'),
(458, 458, 11, '2011-02-24', '2011-02-24', '2011-03-05'),
(459, 459, 3, '2011-02-24', '2011-02-24', '2011-03-05'),
(460, 460, 3, '2011-02-24', '2011-02-24', '2011-03-05'),
(461, 461, 8, '2011-02-24', '2011-02-24', '2011-03-05'),
(462, 462, 6, '2011-02-24', '2011-02-24', '2011-03-05'),
(463, 463, 8, '2011-02-24', '2011-02-24', '2011-03-05'),
(464, 464, 1, '2011-02-24', '2011-02-24', '2011-03-05'),
(465, 465, 2, '2011-02-24', '2011-02-24', '2011-03-05'),
(466, 466, 8, '2011-02-24', '2011-02-24', '2011-03-05'),
(467, 467, 8, '2011-02-24', '2011-02-24', '2011-03-05'),
(468, 468, 9, '2011-02-24', '2011-02-24', '2011-03-05'),
(469, 469, 5, '2011-02-24', '2011-02-24', '2011-03-05'),
(470, 470, 3, '2011-02-24', '2011-02-24', '2011-03-05'),
(471, 471, 11, '2011-02-24', '2011-02-24', '2011-03-05'),
(472, 472, 3, '2011-02-24', '2011-02-24', '2011-03-05'),
(473, 473, 4, '2011-02-24', '2011-02-24', '2011-03-05'),
(474, 474, 9, '2011-02-24', '2011-02-24', '2011-03-05'),
(475, 475, 3, '2011-02-24', '2011-02-24', '2011-03-05'),
(476, 476, 2, '2011-02-24', '2011-02-24', '2011-03-05'),
(477, 477, 8, '2011-02-24', '2011-02-24', '2011-03-05'),
(478, 478, 3, '2011-02-24', '2011-02-24', '2011-03-05'),
(479, 479, 4, '2011-02-24', '2011-02-24', '2011-03-05'),
(480, 480, 4, '2011-02-24', '2011-02-24', '2011-03-05'),
(481, 481, 2, '2011-02-24', '2011-02-24', '2011-03-05'),
(482, 482, 3, '2011-02-24', '2011-02-24', '2011-03-05'),
(483, 483, 10, '2011-02-24', '2011-02-24', '2011-03-05'),
(484, 484, 5, '2011-02-24', '2011-02-24', '2011-03-05'),
(485, 485, 7, '2011-02-24', '2011-02-24', '2011-03-05'),
(486, 486, 7, '2011-02-24', '2011-02-24', '2011-03-05'),
(487, 487, 9, '2011-02-24', '2011-02-24', '2011-03-05'),
(488, 488, 3, '2011-02-24', '2011-02-24', '2011-03-05'),
(489, 489, 7, '2011-02-24', '2011-02-24', '2011-03-05'),
(490, 490, 1, '2011-02-24', '2011-02-24', '2011-03-05'),
(491, 491, 8, '2011-02-24', '2011-02-24', '2011-03-05'),
(492, 492, 5, '2011-02-24', '2011-02-24', '2011-03-05'),
(493, 493, 1, '2011-02-24', '2011-02-24', '2011-03-05'),
(494, 494, 4, '2011-02-24', '2011-02-24', '2011-03-05'),
(495, 495, 4, '2011-02-24', '2011-02-24', '2011-03-05'),
(496, 496, 11, '2011-02-24', '2011-02-24', '2011-03-05'),
(497, 497, 7, '2011-02-24', '2011-02-24', '2011-03-05'),
(498, 498, 2, '2011-02-24', '2011-02-24', '2011-03-05'),
(499, 499, 6, '2011-02-24', '2011-02-24', '2011-03-05'),
(500, 500, 4, '2011-02-24', '2011-02-24', '2011-03-05'),
(501, 65, 3, '2011-02-24', '2011-02-24', '2011-03-05'),
(503, 197, 5, '2011-03-23', '2011-03-25', '2011-04-09');

-- --------------------------------------------------------

--
-- Table structure for table `status`
--

CREATE TABLE IF NOT EXISTS `status` (
  `status_id` int(11) NOT NULL,
  `title` varchar(100) DEFAULT NULL,
  `country_id` varchar(2) DEFAULT NULL,
  `date_add` datetime DEFAULT NULL,
  `date_update` datetime DEFAULT NULL,
  PRIMARY KEY (`status_id`)
) ENGINE=MyISAM DEFAULT CHARSET=latin1;

--
-- Dumping data for table `status`
--

INSERT INTO `status` (`status_id`, `title`, `country_id`, `date_add`, `date_update`) VALUES
(1, 'Active', 'ID', '2011-03-05 00:00:00', '2011-03-05 00:00:00'),
(2, 'Inactive', 'ID', '2011-03-05 00:00:00', '2011-03-05 00:00:00');

-- --------------------------------------------------------

--
-- Table structure for table `subscribers`
--

CREATE TABLE IF NOT EXISTS `subscribers` (
  `subscriber_id` int(10) unsigned NOT NULL AUTO_INCREMENT,
  `mentor_id` int(10) unsigned DEFAULT NULL,
  `name` varchar(100) DEFAULT NULL,
  `gender` char(1) DEFAULT NULL,
  `birthday` date DEFAULT NULL,
  `place_birth` varchar(100) DEFAULT NULL,
  `idcard` varchar(100) DEFAULT NULL,
  `edu_id` int(11) DEFAULT NULL,
  `salary` int(11) unsigned DEFAULT NULL,
  `address1` varchar(255) DEFAULT NULL,
  `address2` varchar(255) DEFAULT NULL,
  `rt` varchar(5) DEFAULT NULL,
  `rw` varchar(5) DEFAULT NULL,
  `loc_id` int(11) DEFAULT NULL,
  `pos_lat` varchar(20) DEFAULT NULL,
  `pos_lng` varchar(20) DEFAULT NULL,
  `country_id` varchar(2) DEFAULT 'ID',
  `date_add` datetime DEFAULT NULL,
  `date_update` datetime DEFAULT NULL,
  `status` tinyint(1) unsigned DEFAULT NULL,
  `mdn` varchar(20) DEFAULT NULL,
  `n_jobapplied` int(11) DEFAULT NULL,
  PRIMARY KEY (`subscriber_id`)
) ENGINE=MyISAM  DEFAULT CHARSET=latin1 AUTO_INCREMENT=511 ;

--
-- Dumping data for table `subscribers`
--

INSERT INTO `subscribers` (`subscriber_id`, `mentor_id`, `name`, `gender`, `birthday`, `place_birth`, `idcard`, `edu_id`, `salary`, `address1`, `address2`, `rt`, `rw`, `loc_id`, `pos_lat`, `pos_lng`, `country_id`, `date_add`, `date_update`, `status`, `mdn`, `n_jobapplied`) VALUES
(2, 1, 'Subscriber 001', 'M', NULL, NULL, NULL, NULL, 1, NULL, NULL, NULL, NULL, 47, '-6.3233492501524', '107.01535923714', 'ID', '2011-02-22 00:00:00', '2011-02-22 00:00:00', 1, '2112346', 0),
(8, 1, 'Subscriber 007', 'M', '2004-03-03', '', '', 4, 1, '', '', '', '', 47, '-6.32083376235537', '107.2592189471261', 'ID', '2011-02-22 00:00:00', '2011-02-22 00:00:00', 1, '2112352', 0),
(11, 1, 'Subscriber 010', 'M', NULL, NULL, NULL, NULL, 1, NULL, NULL, NULL, NULL, 38, '0', '', 'ID', '2011-02-22 00:00:00', '2011-02-22 00:00:00', 1, '2112355', 0),
(12, 1, 'Subscriber 011', 'M', NULL, NULL, NULL, NULL, 1, NULL, NULL, NULL, NULL, 35, '0', '0', 'ID', '2011-02-22 00:00:00', '2011-02-22 00:00:00', 1, '2112356', 0),
(13, 1, 'Subscriber 012', 'M', NULL, NULL, NULL, NULL, 1, NULL, NULL, NULL, NULL, 35, '0', '0', 'ID', '2011-02-22 00:00:00', '2011-02-22 00:00:00', 1, '2112357', 0),
(14, 1, 'Subscriber 013', 'M', NULL, NULL, NULL, NULL, 1, NULL, NULL, NULL, NULL, 34, '0', '0', 'ID', '2011-02-22 00:00:00', '2011-02-22 00:00:00', 1, '2112358', 0),
(16, 2, 'Subscriber 015', 'M', NULL, NULL, NULL, NULL, 1, NULL, NULL, NULL, NULL, 30, NULL, NULL, 'ID', '2011-02-22 00:00:00', '2011-02-22 00:00:00', 1, '2112360', 0),
(18, 2, 'Subscriber 017', 'M', NULL, NULL, NULL, NULL, 1, NULL, NULL, NULL, NULL, 37, '0', '0', 'ID', '2011-02-22 00:00:00', '2011-02-22 00:00:00', 1, '2112362', 0),
(19, 2, 'Subscriber 018', 'M', NULL, NULL, NULL, NULL, 1, NULL, NULL, NULL, NULL, 35, '-6.3272411763264', '106.71438480183', 'ID', '2011-02-22 00:00:00', '2011-02-22 00:00:00', 1, '2112363', 0),
(21, 2, 'Subscriber 020', 'M', NULL, NULL, NULL, NULL, 1, NULL, NULL, NULL, NULL, 37, '0', '0', 'ID', '2011-02-22 00:00:00', '2011-02-22 00:00:00', 1, '2112365', 0),
(23, 2, 'Subscriber 22', 'M', NULL, NULL, NULL, NULL, 1, NULL, NULL, NULL, NULL, 41, '-6.3460908581929', '106.772931041', 'ID', '2011-02-22 00:00:00', '2011-02-22 00:00:00', 1, '2112367', 0),
(24, 2, 'Subscriber 23', 'M', NULL, NULL, NULL, NULL, 1, NULL, NULL, NULL, NULL, 47, '0', '0', 'ID', '2011-02-22 00:00:00', '2011-02-22 00:00:00', 1, '2112368', 0),
(25, 2, 'Subscriber 24', 'M', NULL, NULL, NULL, NULL, 1, NULL, NULL, NULL, NULL, 34, '-6.2660765424445', '107.00556497745', 'ID', '2011-02-22 00:00:00', '2011-02-22 00:00:00', 1, '2112369', 0),
(26, 2, 'Subscriber 25', 'M', NULL, NULL, NULL, NULL, 1, NULL, NULL, NULL, NULL, 25, '0', '0', 'ID', '2011-02-22 00:00:00', '2011-02-22 00:00:00', 1, '2112370', 0),
(27, 2, 'Subscriber 26', 'M', NULL, NULL, NULL, NULL, 1, NULL, NULL, NULL, NULL, 33, '-6.1446381769765', '106.90119267348', 'ID', '2011-02-22 00:00:00', '2011-02-22 00:00:00', 1, '2112371', 0),
(28, 2, 'Subscriber 27', 'M', NULL, NULL, NULL, NULL, 1, NULL, NULL, NULL, NULL, 20, '0', '0', 'ID', '2011-02-22 00:00:00', '2011-02-22 00:00:00', 1, '2112372', 0),
(29, 2, 'Subscriber 28', 'M', NULL, NULL, NULL, NULL, 1, NULL, NULL, NULL, NULL, 26, '0', '0', 'ID', '2011-02-22 00:00:00', '2011-02-22 00:00:00', 1, '2112373', 0),
(30, 2, 'Subscriber 29', 'M', NULL, NULL, NULL, NULL, 1, NULL, NULL, NULL, NULL, 22, '0', '0', 'ID', '2011-02-22 00:00:00', '2011-02-22 00:00:00', 1, '2112374', 0),
(31, 2, 'Subscriber 30', 'M', NULL, NULL, NULL, NULL, 1, NULL, NULL, NULL, NULL, 49, '-6.2177069341422', '106.64857680771', 'ID', '2011-02-22 00:00:00', '2011-02-22 00:00:00', 1, '2112375', 0),
(32, 2, 'Subscriber 31', 'M', NULL, NULL, NULL, NULL, 1, NULL, NULL, NULL, NULL, 28, '0', '0', 'ID', '2011-02-22 00:00:00', '2011-02-22 00:00:00', 1, '2112376', 0),
(33, 2, 'Subscriber 32', 'M', NULL, NULL, NULL, NULL, 1, NULL, NULL, NULL, NULL, 35, '0', '0', 'ID', '2011-02-22 00:00:00', '2011-02-22 00:00:00', 1, '2112377', 0),
(34, 2, 'Subscriber 33', 'M', NULL, NULL, NULL, NULL, 1, NULL, NULL, NULL, NULL, 47, '0', '0', 'ID', '2011-02-22 00:00:00', '2011-02-22 00:00:00', 1, '2112378', 0),
(35, 2, 'Subscriber 34', 'M', NULL, NULL, NULL, NULL, 1, NULL, NULL, NULL, NULL, 25, '0', '0', 'ID', '2011-02-22 00:00:00', '2011-02-22 00:00:00', 1, '2112379', 0),
(36, 2, 'Subscriber 35', 'M', NULL, NULL, NULL, NULL, 1, NULL, NULL, NULL, NULL, 27, '0', '0', 'ID', '2011-02-22 00:00:00', '2011-02-22 00:00:00', 1, '2112380', 0),
(37, 2, 'Subscriber 36', 'M', NULL, NULL, NULL, NULL, 1, NULL, NULL, NULL, NULL, 19, '0', '0', 'ID', '2011-02-22 00:00:00', '2011-02-22 00:00:00', 1, '2112381', 0),
(38, 2, 'Subscriber 37', 'M', NULL, NULL, NULL, NULL, 1, NULL, NULL, NULL, NULL, 19, '-6.2541382844085', '106.75835729268', 'ID', '2011-02-22 00:00:00', '2011-02-22 00:00:00', 1, '2112382', 0),
(39, 2, 'Subscriber 38', 'M', NULL, NULL, NULL, NULL, 1, NULL, NULL, NULL, NULL, 47, '0', '0', 'ID', '2011-02-22 00:00:00', '2011-02-22 00:00:00', 1, '2112383', 0),
(40, 2, 'Subscriber 39', 'M', NULL, NULL, NULL, NULL, 1, NULL, NULL, NULL, NULL, 23, '-6.2427853147761', '106.99567547207', 'ID', '2011-02-22 00:00:00', '2011-02-22 00:00:00', 1, '2112384', 0),
(41, 2, 'Subscriber 40', 'M', NULL, NULL, NULL, NULL, 1, NULL, NULL, NULL, NULL, 26, '0', '0', 'ID', '2011-02-22 00:00:00', '2011-02-22 00:00:00', 1, '2112385', 0),
(42, 2, 'Subscriber 41', 'M', NULL, NULL, NULL, NULL, 1, NULL, NULL, NULL, NULL, 30, '-6.3147723561275', '106.95017887926', 'ID', '2011-02-22 00:00:00', '2011-02-22 00:00:00', 1, '2112386', 0),
(43, 2, 'Subscriber 42', 'M', NULL, NULL, NULL, NULL, 1, NULL, NULL, NULL, NULL, 31, '0', '0', 'ID', '2011-02-22 00:00:00', '2011-02-22 00:00:00', 1, '2112387', 0),
(44, 2, 'Subscriber 43', 'M', NULL, NULL, NULL, NULL, 1, NULL, NULL, NULL, NULL, 47, '0', '0', 'ID', '2011-02-22 00:00:00', '2011-02-22 00:00:00', 1, '2112388', 0),
(45, 2, 'Subscriber 44', 'M', NULL, NULL, NULL, NULL, 1, NULL, NULL, NULL, NULL, 38, '0', '0', 'ID', '2011-02-22 00:00:00', '2011-02-22 00:00:00', 1, '2112389', 0),
(46, 2, 'Subscriber 45', 'M', NULL, NULL, NULL, NULL, 1, NULL, NULL, NULL, NULL, 35, '0', '0', 'ID', '2011-02-22 00:00:00', '2011-02-22 00:00:00', 1, '2112390', 0),
(47, 2, 'Subscriber 46', 'M', NULL, NULL, NULL, NULL, 1, NULL, NULL, NULL, NULL, 49, '0', '0', 'ID', '2011-02-22 00:00:00', '2011-02-22 00:00:00', 1, '2112391', 0),
(48, 2, 'Subscriber 47', 'M', NULL, NULL, NULL, NULL, 1, NULL, NULL, NULL, NULL, 49, '0', '0', 'ID', '2011-02-22 00:00:00', '2011-02-22 00:00:00', 1, '2112392', 0),
(49, 2, 'Subscriber 48', 'M', NULL, NULL, NULL, NULL, 1, NULL, NULL, NULL, NULL, 25, '0', '0', 'ID', '2011-02-22 00:00:00', '2011-02-22 00:00:00', 1, '2112393', 0),
(50, 2, 'Subscriber 49', 'M', NULL, NULL, NULL, NULL, 1, NULL, NULL, NULL, NULL, 34, '0', '0', 'ID', '2011-02-22 00:00:00', '2011-02-22 00:00:00', 1, '2112394', 0),
(51, 2, 'Subscriber 50', 'M', NULL, NULL, NULL, NULL, 1, NULL, NULL, NULL, NULL, 49, '-6.2006719502419', '106.81613893159', 'ID', '2011-02-22 00:00:00', '2011-02-22 00:00:00', 1, '2112395', 0),
(52, 2, 'Subscriber 51', 'M', NULL, NULL, NULL, NULL, 1, NULL, NULL, NULL, NULL, 39, '0', '0', 'ID', '2011-02-22 00:00:00', '2011-02-22 00:00:00', 1, '2112396', 0),
(53, 2, 'Subscriber 52', 'M', NULL, NULL, NULL, NULL, 1, NULL, NULL, NULL, NULL, 23, '0', '0', 'ID', '2011-02-22 00:00:00', '2011-02-22 00:00:00', 1, '2112397', 0),
(54, 2, 'Subscriber 53', 'M', NULL, NULL, NULL, NULL, 1, NULL, NULL, NULL, NULL, 38, '0', '0', 'ID', '2011-02-22 00:00:00', '2011-02-22 00:00:00', 1, '2112398', 0),
(55, 2, 'Subscriber 54', 'M', NULL, NULL, NULL, NULL, 1, NULL, NULL, NULL, NULL, 34, '0', '0', 'ID', '2011-02-22 00:00:00', '2011-02-22 00:00:00', 1, '2112399', 0),
(56, 2, 'Subscriber 55', 'M', NULL, NULL, NULL, NULL, 1, NULL, NULL, NULL, NULL, 29, '-6.0620289740885', '106.81713859119', 'ID', '2011-02-22 00:00:00', '2011-02-22 00:00:00', 1, '2112400', 0),
(57, 2, 'Subscriber 56', 'M', NULL, NULL, NULL, NULL, 1, NULL, NULL, NULL, NULL, 27, '-6.2559725824307', '106.86940430396', 'ID', '2011-02-22 00:00:00', '2011-02-22 00:00:00', 1, '2112401', 0),
(58, 2, 'Subscriber 57', 'M', NULL, NULL, NULL, NULL, 1, NULL, NULL, NULL, NULL, 22, '0', '0', 'ID', '2011-02-22 00:00:00', '2011-02-22 00:00:00', 1, '2112402', 0),
(59, 2, 'Subscriber 58', 'M', NULL, NULL, NULL, NULL, 1, NULL, NULL, NULL, NULL, 31, '0', '0', 'ID', '2011-02-22 00:00:00', '2011-02-22 00:00:00', 1, '2112403', 0),
(60, 2, 'Subscriber 59', 'M', NULL, NULL, NULL, NULL, 1, NULL, NULL, NULL, NULL, 31, '0', '0', 'ID', '2011-02-22 00:00:00', '2011-02-22 00:00:00', 1, '2112404', 0),
(61, 2, 'Subscriber 60', 'M', NULL, NULL, NULL, NULL, 1, NULL, NULL, NULL, NULL, 20, '0', '0', 'ID', '2011-02-22 00:00:00', '2011-02-22 00:00:00', 1, '2112405', 0),
(62, 2, 'Subscriber 61', 'M', NULL, NULL, NULL, NULL, 1, NULL, NULL, NULL, NULL, 22, '0', '0', 'ID', '2011-02-22 00:00:00', '2011-02-22 00:00:00', 1, '2112406', 0),
(63, 2, 'Subscriber 62', 'M', NULL, NULL, NULL, NULL, 1, NULL, NULL, NULL, NULL, 47, '0', '0', 'ID', '2011-02-22 00:00:00', '2011-02-22 00:00:00', 1, '2112407', 0),
(64, 2, 'Subscriber 63', 'M', NULL, NULL, NULL, NULL, 1, NULL, NULL, NULL, NULL, 26, '0', '0', 'ID', '2011-02-22 00:00:00', '2011-02-22 00:00:00', 1, '2112408', 0),
(65, 2, 'Subscriber 64', 'M', NULL, NULL, NULL, NULL, 1, NULL, NULL, NULL, NULL, 24, '0', '0', 'ID', '2011-02-22 00:00:00', '2011-02-22 00:00:00', 1, '2112409', 0),
(66, 2, 'Subscriber 65', 'M', NULL, NULL, NULL, NULL, 1, NULL, NULL, NULL, NULL, 38, '0', '0', 'ID', '2011-02-22 00:00:00', '2011-02-22 00:00:00', 1, '2112410', 0),
(67, 2, 'Subscriber 66', 'M', NULL, NULL, NULL, NULL, 1, NULL, NULL, NULL, NULL, 38, '0', '0', 'ID', '2011-02-22 00:00:00', '2011-02-22 00:00:00', 1, '2112411', 0),
(68, 2, 'Subscriber 67', 'M', NULL, NULL, NULL, NULL, 1, NULL, NULL, NULL, NULL, 31, '-6.1959823233324', '106.76757290279', 'ID', '2011-02-22 00:00:00', '2011-02-22 00:00:00', 1, '2112412', 0),
(69, 2, 'Subscriber 68', 'M', NULL, NULL, NULL, NULL, 1, NULL, NULL, NULL, NULL, 23, '0', '0', 'ID', '2011-02-22 00:00:00', '2011-02-22 00:00:00', 1, '2112413', 0),
(70, 2, 'Subscriber 69', 'M', NULL, NULL, NULL, NULL, 1, NULL, NULL, NULL, NULL, 31, '0', '0', 'ID', '2011-02-22 00:00:00', '2011-02-22 00:00:00', 1, '2112414', 0),
(71, 2, 'Subscriber 70', 'M', NULL, NULL, NULL, NULL, 1, NULL, NULL, NULL, NULL, 41, '-6.152742122209', '106.89500521148', 'ID', '2011-02-22 00:00:00', '2011-02-22 00:00:00', 1, '2112415', 0),
(72, 2, 'Subscriber 71', 'M', NULL, NULL, NULL, NULL, 1, NULL, NULL, NULL, NULL, 27, '0', '0', 'ID', '2011-02-22 00:00:00', '2011-02-22 00:00:00', 1, '2112416', 0),
(73, 2, 'Subscriber 72', 'M', NULL, NULL, NULL, NULL, 1, NULL, NULL, NULL, NULL, 37, '0', '0', 'ID', '2011-02-22 00:00:00', '2011-02-22 00:00:00', 1, '2112417', 0),
(74, 2, 'Subscriber 73', 'M', NULL, NULL, NULL, NULL, 1, NULL, NULL, NULL, NULL, 25, '0', '0', 'ID', '2011-02-22 00:00:00', '2011-02-22 00:00:00', 1, '2112418', 0),
(75, 2, 'Subscriber 74', 'M', NULL, NULL, NULL, NULL, 1, NULL, NULL, NULL, NULL, 33, '-6.0259457031646', '107.00959148438', 'ID', '2011-02-22 00:00:00', '2011-02-22 00:00:00', 1, '2112419', 0),
(76, 2, 'Subscriber 75', 'M', NULL, NULL, NULL, NULL, 1, NULL, NULL, NULL, NULL, 33, '0', '0', 'ID', '2011-02-22 00:00:00', '2011-02-22 00:00:00', 1, '2112420', 0),
(77, 2, 'Subscriber 76', 'M', NULL, NULL, NULL, NULL, 1, NULL, NULL, NULL, NULL, 24, '0', '0', 'ID', '2011-02-22 00:00:00', '2011-02-22 00:00:00', 1, '2112421', 0),
(78, 2, 'Subscriber 77', 'M', NULL, NULL, NULL, NULL, 1, NULL, NULL, NULL, NULL, 33, '0', '0', 'ID', '2011-02-22 00:00:00', '2011-02-22 00:00:00', 1, '2112422', 0),
(79, 2, 'Subscriber 78', 'M', NULL, NULL, NULL, NULL, 1, NULL, NULL, NULL, NULL, 19, '0', '0', 'ID', '2011-02-22 00:00:00', '2011-02-22 00:00:00', 1, '2112423', 0),
(80, 2, 'Subscriber 79', 'M', NULL, NULL, NULL, NULL, 1, NULL, NULL, NULL, NULL, 27, '-6.2903034363257', '106.97540848039', 'ID', '2011-02-22 00:00:00', '2011-02-22 00:00:00', 1, '2112424', 0),
(81, 2, 'Subscriber 80', 'M', NULL, NULL, NULL, NULL, 1, NULL, NULL, NULL, NULL, 32, '0', '0', 'ID', '2011-02-22 00:00:00', '2011-02-22 00:00:00', 1, '2112425', 0),
(82, 2, 'Subscriber 81', 'M', NULL, NULL, NULL, NULL, 1, NULL, NULL, NULL, NULL, 28, '-6.3524049452104', '106.74583406012', 'ID', '2011-02-22 00:00:00', '2011-02-22 00:00:00', 1, '2112426', 0),
(83, 2, 'Subscriber 82', 'M', NULL, NULL, NULL, NULL, 1, NULL, NULL, NULL, NULL, 47, '0', '0', 'ID', '2011-02-22 00:00:00', '2011-02-22 00:00:00', 1, '2112427', 0),
(84, 2, 'Subscriber 83', 'M', NULL, NULL, NULL, NULL, 1, NULL, NULL, NULL, NULL, 29, '-6.0626616977868', '106.76480994781', 'ID', '2011-02-22 00:00:00', '2011-02-22 00:00:00', 1, '2112428', 0),
(85, 2, 'Subscriber 84', 'M', NULL, NULL, NULL, NULL, 1, NULL, NULL, NULL, NULL, 19, '-6.0467928989174', '106.71808038419', 'ID', '2011-02-22 00:00:00', '2011-02-22 00:00:00', 1, '2112429', 0),
(86, 2, 'Subscriber 85', 'M', NULL, NULL, NULL, NULL, 1, NULL, NULL, NULL, NULL, 22, '0', '0', 'ID', '2011-02-22 00:00:00', '2011-02-22 00:00:00', 1, '2112430', 0),
(87, 2, 'Subscriber 86', 'M', NULL, NULL, NULL, NULL, 1, NULL, NULL, NULL, NULL, 37, '0', '0', 'ID', '2011-02-22 00:00:00', '2011-02-22 00:00:00', 1, '2112431', 0),
(88, 2, 'Subscriber 87', 'M', NULL, NULL, NULL, NULL, 1, NULL, NULL, NULL, NULL, 19, '0', '0', 'ID', '2011-02-22 00:00:00', '2011-02-22 00:00:00', 1, '2112432', 0),
(89, 2, 'Subscriber 88', 'M', NULL, NULL, NULL, NULL, 1, NULL, NULL, NULL, NULL, 30, '0', '0', 'ID', '2011-02-22 00:00:00', '2011-02-22 00:00:00', 1, '2112433', 0),
(90, 2, 'Subscriber 89', 'M', NULL, NULL, NULL, NULL, 1, NULL, NULL, NULL, NULL, 41, '0', '0', 'ID', '2011-02-22 00:00:00', '2011-02-22 00:00:00', 1, '2112434', 0),
(91, 2, 'Subscriber 90', 'M', NULL, NULL, NULL, NULL, 1, NULL, NULL, NULL, NULL, 38, '0', '0', 'ID', '2011-02-22 00:00:00', '2011-02-22 00:00:00', 1, '2112435', 0),
(92, 2, 'Subscriber 91', 'M', NULL, NULL, NULL, NULL, 1, NULL, NULL, NULL, NULL, 49, '0', '0', 'ID', '2011-02-22 00:00:00', '2011-02-22 00:00:00', 1, '2112436', 0),
(93, 2, 'Subscriber 92', 'M', NULL, NULL, NULL, NULL, 1, NULL, NULL, NULL, NULL, 24, '0', '0', 'ID', '2011-02-22 00:00:00', '2011-02-22 00:00:00', 1, '2112437', 0),
(94, 2, 'Subscriber 93', 'M', NULL, NULL, NULL, NULL, 1, NULL, NULL, NULL, NULL, 19, '0', '0', 'ID', '2011-02-22 00:00:00', '2011-02-22 00:00:00', 1, '2112438', 0),
(95, 2, 'Subscriber 94', 'M', NULL, NULL, NULL, NULL, 1, NULL, NULL, NULL, NULL, 41, '-6.0836488383502', '106.8900385504', 'ID', '2011-02-22 00:00:00', '2011-02-22 00:00:00', 1, '2112439', 0),
(96, 2, 'Subscriber 95', 'M', NULL, NULL, NULL, NULL, 1, NULL, NULL, NULL, NULL, 21, '0', '0', 'ID', '2011-02-22 00:00:00', '2011-02-22 00:00:00', 1, '2112440', 0),
(97, 2, 'Subscriber 96', 'M', NULL, NULL, NULL, NULL, 1, NULL, NULL, NULL, NULL, 23, '0', '0', 'ID', '2011-02-22 00:00:00', '2011-02-22 00:00:00', 1, '2112441', 0),
(98, 2, 'Subscriber 97', 'M', NULL, NULL, NULL, NULL, 1, NULL, NULL, NULL, NULL, 30, '0', '0', 'ID', '2011-02-22 00:00:00', '2011-02-22 00:00:00', 1, '2112442', 0),
(99, 2, 'Subscriber 98', 'M', NULL, NULL, NULL, NULL, 1, NULL, NULL, NULL, NULL, 35, '0', '0', 'ID', '2011-02-22 00:00:00', '2011-02-22 00:00:00', 1, '2112443', 0),
(100, 2, 'Subscriber 99', 'M', NULL, NULL, NULL, NULL, 1, NULL, NULL, NULL, NULL, 33, '0', '0', 'ID', '2011-02-22 00:00:00', '2011-02-22 00:00:00', 1, '2112444', 0),
(101, 2, 'Subscriber 100', 'M', NULL, NULL, NULL, NULL, 1, NULL, NULL, NULL, NULL, NULL, '0', '0', 'ID', '2011-02-22 00:00:00', '2011-02-22 00:00:00', 1, '2112445', 0),
(102, 2, 'Subscriber 101 New', 'M', '1980-01-01', '', '', 1, 1000000, '', '', '', '', 0, '', '', 'ID', '2011-03-10 17:37:16', '2011-03-10 17:37:16', 1, '2112345101', 0),
(104, 2, 'Subscriber 103', 'M', '1980-01-01', NULL, NULL, NULL, 1000000, NULL, NULL, NULL, NULL, 37, '-6.081202068758', '106.97578216119', 'ID', '2011-02-24 00:00:00', '2011-02-24 00:00:00', 1, '2112345103', 0),
(106, 2, 'Subscriber 105', 'M', '1980-01-01', NULL, NULL, NULL, 1000000, NULL, NULL, NULL, NULL, 23, '-6.1848774773481', '106.82468888344', 'ID', '2011-02-24 00:00:00', '2011-02-24 00:00:00', 1, '2112345105', 0),
(107, 2, 'Subscriber 106', 'M', '1980-01-01', NULL, NULL, NULL, 1000000, NULL, NULL, NULL, NULL, 35, '-6.1332754047476', '106.84988506282', 'ID', '2011-02-24 00:00:00', '2011-02-24 00:00:00', 1, '2112345106', 0),
(109, 2, 'Subscriber 108', 'M', '1980-01-01', NULL, NULL, NULL, 1000000, NULL, NULL, NULL, NULL, 47, '0', '0', 'ID', '2011-02-24 00:00:00', '2011-02-24 00:00:00', 1, '2112345108', 0),
(110, 2, 'Subscriber 109', 'M', '1980-01-01', NULL, NULL, NULL, 1000000, NULL, NULL, NULL, NULL, 35, '-6.3322265318587', '106.61522676675', 'ID', '2011-02-24 00:00:00', '2011-02-24 00:00:00', 1, '2112345109', 0),
(112, 2, 'Subscriber 111', 'M', '1980-01-01', NULL, NULL, NULL, 1000000, NULL, NULL, NULL, NULL, 47, '0', '0', 'ID', '2011-02-24 00:00:00', '2011-02-24 00:00:00', 1, '2112345111', 0),
(113, 2, 'Subscriber 112', 'M', '1980-01-01', NULL, NULL, NULL, 1000000, NULL, NULL, NULL, NULL, 47, '0', '0', 'ID', '2011-02-24 00:00:00', '2011-02-24 00:00:00', 1, '2112345112', 0),
(114, 2, 'Subscriber 113', 'M', '1980-01-01', NULL, NULL, NULL, 1000000, NULL, NULL, NULL, NULL, 27, '-6.103454817569', '106.66292088676', 'ID', '2011-02-24 00:00:00', '2011-02-24 00:00:00', 1, '2112345113', 0),
(115, 2, 'Subscriber 114', 'M', '1980-01-01', NULL, NULL, NULL, 1000000, NULL, NULL, NULL, NULL, 20, '0', '0', 'ID', '2011-02-24 00:00:00', '2011-02-24 00:00:00', 1, '2112345114', 0),
(116, 2, 'Subscriber 115', 'M', '1980-01-01', NULL, NULL, NULL, 1000000, NULL, NULL, NULL, NULL, 28, '0', '0', 'ID', '2011-02-24 00:00:00', '2011-02-24 00:00:00', 1, '2112345115', 0),
(117, 2, 'Subscriber 116', 'M', '1980-01-01', NULL, NULL, NULL, 1000000, NULL, NULL, NULL, NULL, 35, '-6.172794275601', '106.87406682769', 'ID', '2011-02-24 00:00:00', '2011-02-24 00:00:00', 1, '2112345116', 0),
(118, 2, 'Subscriber 117', 'M', '1980-01-01', NULL, NULL, NULL, 1000000, NULL, NULL, NULL, NULL, 47, '0', '0', 'ID', '2011-02-24 00:00:00', '2011-02-24 00:00:00', 1, '2112345117', 0),
(119, 2, 'Subscriber 118', 'M', '1980-01-01', NULL, NULL, NULL, 1000000, NULL, NULL, NULL, NULL, 38, '-6.0910909501991', '106.84085216384', 'ID', '2011-02-24 00:00:00', '2011-02-24 00:00:00', 1, '2112345118', 0),
(120, 2, 'Subscriber 119', 'M', '1980-01-01', NULL, NULL, NULL, 1000000, NULL, NULL, NULL, NULL, 39, '0', '0', 'ID', '2011-02-24 00:00:00', '2011-02-24 00:00:00', 1, '2112345119', 0),
(121, 2, 'Subscriber 120', 'M', '1980-01-01', NULL, NULL, NULL, 1000000, NULL, NULL, NULL, NULL, 49, '0', '0', 'ID', '2011-02-24 00:00:00', '2011-02-24 00:00:00', 1, '2112345120', 0),
(122, 2, 'Subscriber 121', 'M', '1980-01-01', NULL, NULL, NULL, 1000000, NULL, NULL, NULL, NULL, 25, '0', '0', 'ID', '2011-02-24 00:00:00', '2011-02-24 00:00:00', 1, '2112345121', 0),
(123, 2, 'Subscriber 122', 'M', '1980-01-01', NULL, NULL, NULL, 1000000, NULL, NULL, NULL, NULL, 49, '-6.0331751893373', '106.73904512071', 'ID', '2011-02-24 00:00:00', '2011-02-24 00:00:00', 1, '2112345122', 0),
(124, 2, 'Subscriber 123', 'M', '1980-01-01', NULL, NULL, NULL, 1000000, NULL, NULL, NULL, NULL, 49, '0', '0', 'ID', '2011-02-24 00:00:00', '2011-02-24 00:00:00', 1, '2112345123', 0),
(125, 2, 'Subscriber 124', 'M', '1980-01-01', NULL, NULL, NULL, 1000000, NULL, NULL, NULL, NULL, 27, '0', '0', 'ID', '2011-02-24 00:00:00', '2011-02-24 00:00:00', 1, '2112345124', 0),
(126, 2, 'Subscriber 125', 'M', '1980-01-01', NULL, NULL, NULL, 1000000, NULL, NULL, NULL, NULL, 47, '0', '0', 'ID', '2011-02-24 00:00:00', '2011-02-24 00:00:00', 1, '2112345125', 0),
(127, 2, 'Subscriber 126', 'M', '1980-01-01', NULL, NULL, NULL, 1000000, NULL, NULL, NULL, NULL, 22, '0', '0', 'ID', '2011-02-24 00:00:00', '2011-02-24 00:00:00', 1, '2112345126', 0),
(128, 2, 'Subscriber 127', 'M', '1980-01-01', NULL, NULL, NULL, 1000000, NULL, NULL, NULL, NULL, 25, '-6.2967508612257', '106.7825554157', 'ID', '2011-02-24 00:00:00', '2011-02-24 00:00:00', 1, '2112345127', 0),
(129, 2, 'Subscriber 128', 'M', '1980-01-01', NULL, NULL, NULL, 1000000, NULL, NULL, NULL, NULL, 37, '0', '0', 'ID', '2011-02-24 00:00:00', '2011-02-24 00:00:00', 1, '2112345128', 0),
(130, 2, 'Subscriber 129', 'M', '1980-01-01', NULL, NULL, NULL, 1000000, NULL, NULL, NULL, NULL, 49, '0', '0', 'ID', '2011-02-24 00:00:00', '2011-02-24 00:00:00', 1, '2112345129', 0),
(131, 2, 'Subscriber 130', 'M', '1980-01-01', NULL, NULL, NULL, 1000000, NULL, NULL, NULL, NULL, 24, '-6.0392085039796', '106.76614246094', 'ID', '2011-02-24 00:00:00', '2011-02-24 00:00:00', 1, '2112345130', 0),
(132, 2, 'Subscriber 131', 'M', '1980-01-01', NULL, NULL, NULL, 1000000, NULL, NULL, NULL, NULL, 34, '0', '0', 'ID', '2011-02-24 00:00:00', '2011-02-24 00:00:00', 1, '2112345131', 0),
(133, 2, 'Subscriber 132', 'M', '1980-01-01', NULL, NULL, NULL, 1000000, NULL, NULL, NULL, NULL, 47, '0', '0', 'ID', '2011-02-24 00:00:00', '2011-02-24 00:00:00', 1, '2112345132', 0),
(134, 2, 'Subscriber 133', 'M', '1980-01-01', NULL, NULL, NULL, 1000000, NULL, NULL, NULL, NULL, 47, '0', '0', 'ID', '2011-02-24 00:00:00', '2011-02-24 00:00:00', 1, '2112345133', 0),
(135, 2, 'Subscriber 134', 'M', '1980-01-01', NULL, NULL, NULL, 1000000, NULL, NULL, NULL, NULL, 41, '0', '0', 'ID', '2011-02-24 00:00:00', '2011-02-24 00:00:00', 1, '2112345134', 0),
(136, 2, 'Subscriber 135', 'M', '1980-01-01', NULL, NULL, NULL, 1000000, NULL, NULL, NULL, NULL, 39, '0', '0', 'ID', '2011-02-24 00:00:00', '2011-02-24 00:00:00', 1, '2112345135', 0),
(137, 2, 'Subscriber 136', 'M', '1980-01-01', NULL, NULL, NULL, 1000000, NULL, NULL, NULL, NULL, 34, '0', '0', 'ID', '2011-02-24 00:00:00', '2011-02-24 00:00:00', 1, '2112345136', 0),
(138, 2, 'Subscriber 137', 'M', '1980-01-01', NULL, NULL, NULL, 1000000, NULL, NULL, NULL, NULL, 24, '0', '0', 'ID', '2011-02-24 00:00:00', '2011-02-24 00:00:00', 1, '2112345137', 0),
(139, 2, 'Subscriber 138', 'M', '1980-01-01', NULL, NULL, NULL, 1000000, NULL, NULL, NULL, NULL, 19, '0', '0', 'ID', '2011-02-24 00:00:00', '2011-02-24 00:00:00', 1, '2112345138', 0),
(140, 2, 'Subscriber 139', 'M', '1980-01-01', NULL, NULL, NULL, 1000000, NULL, NULL, NULL, NULL, 33, '0', '0', 'ID', '2011-02-24 00:00:00', '2011-02-24 00:00:00', 1, '2112345139', 0),
(141, 2, 'Subscriber 140', 'M', '1980-01-01', NULL, NULL, NULL, 1000000, NULL, NULL, NULL, NULL, 32, '0', '0', 'ID', '2011-02-24 00:00:00', '2011-02-24 00:00:00', 1, '2112345140', 0),
(142, 2, 'Subscriber 141', 'M', '1980-01-01', NULL, NULL, NULL, 1000000, NULL, NULL, NULL, NULL, 23, '0', '0', 'ID', '2011-02-24 00:00:00', '2011-02-24 00:00:00', 1, '2112345141', 0),
(143, 2, 'Subscriber 142', 'M', '1980-01-01', NULL, NULL, NULL, 1000000, NULL, NULL, NULL, NULL, 24, '0', '0', 'ID', '2011-02-24 00:00:00', '2011-02-24 00:00:00', 1, '2112345142', 0),
(144, 2, 'Subscriber 143', 'M', '1980-01-01', NULL, NULL, NULL, 1000000, NULL, NULL, NULL, NULL, 35, '0', '0', 'ID', '2011-02-24 00:00:00', '2011-02-24 00:00:00', 1, '2112345143', 0),
(145, 2, 'Subscriber 144', 'M', '1980-01-01', NULL, NULL, NULL, 1000000, NULL, NULL, NULL, NULL, 30, '0', '0', 'ID', '2011-02-24 00:00:00', '2011-02-24 00:00:00', 1, '2112345144', 0),
(146, 2, 'Subscriber 145', 'M', '1980-01-01', NULL, NULL, NULL, 1000000, NULL, NULL, NULL, NULL, 26, '0', '0', 'ID', '2011-02-24 00:00:00', '2011-02-24 00:00:00', 1, '2112345145', 0),
(147, 2, 'Subscriber 146', 'M', '1980-01-01', NULL, NULL, NULL, 1000000, NULL, NULL, NULL, NULL, 26, '0', '0', 'ID', '2011-02-24 00:00:00', '2011-02-24 00:00:00', 1, '2112345146', 0),
(148, 2, 'Subscriber 147', 'M', '1980-01-01', NULL, NULL, NULL, 1000000, NULL, NULL, NULL, NULL, 38, '0', '0', 'ID', '2011-02-24 00:00:00', '2011-02-24 00:00:00', 1, '2112345147', 0),
(149, 2, 'Subscriber 148', 'M', '1980-01-01', NULL, NULL, NULL, 1000000, NULL, NULL, NULL, NULL, 22, '0', '0', 'ID', '2011-02-24 00:00:00', '2011-02-24 00:00:00', 1, '2112345148', 0),
(150, 2, 'Subscriber 149', 'M', '1980-01-01', NULL, NULL, NULL, 1000000, NULL, NULL, NULL, NULL, 27, '0', '0', 'ID', '2011-02-24 00:00:00', '2011-02-24 00:00:00', 1, '2112345149', 0),
(151, 2, 'Subscriber 150', 'M', '1980-01-01', NULL, NULL, NULL, 1000000, NULL, NULL, NULL, NULL, 47, '0', '0', 'ID', '2011-02-24 00:00:00', '2011-02-24 00:00:00', 1, '2112345150', 0),
(152, 2, 'Subscriber 151', 'M', '1980-01-01', NULL, NULL, NULL, 1000000, NULL, NULL, NULL, NULL, 47, '-6.2135118270668', '106.6836942956', 'ID', '2011-02-24 00:00:00', '2011-02-24 00:00:00', 1, '2112345151', 0),
(153, 2, 'Subscriber 152', 'M', '1980-01-01', NULL, NULL, NULL, 1000000, NULL, NULL, NULL, NULL, 25, '0', '0', 'ID', '2011-02-24 00:00:00', '2011-02-24 00:00:00', 1, '2112345152', 0),
(154, 2, 'Subscriber 153', 'M', '1980-01-01', NULL, NULL, NULL, 1000000, NULL, NULL, NULL, NULL, 21, '0', '0', 'ID', '2011-02-24 00:00:00', '2011-02-24 00:00:00', 1, '2112345153', 0),
(155, 2, 'Subscriber 154', 'M', '1980-01-01', NULL, NULL, NULL, 1000000, NULL, NULL, NULL, NULL, 19, '0', '0', 'ID', '2011-02-24 00:00:00', '2011-02-24 00:00:00', 1, '2112345154', 0),
(156, 2, 'Subscriber 155', 'M', '1980-01-01', NULL, NULL, NULL, 1000000, NULL, NULL, NULL, NULL, 23, '0', '0', 'ID', '2011-02-24 00:00:00', '2011-02-24 00:00:00', 1, '2112345155', 0),
(157, 2, 'Subscriber 156', 'M', '1980-01-01', NULL, NULL, NULL, 1000000, NULL, NULL, NULL, NULL, 35, '0', '0', 'ID', '2011-02-24 00:00:00', '2011-02-24 00:00:00', 1, '2112345156', 0),
(158, 2, 'Subscriber 157', 'M', '1980-01-01', NULL, NULL, NULL, 1000000, NULL, NULL, NULL, NULL, 24, '0', '0', 'ID', '2011-02-24 00:00:00', '2011-02-24 00:00:00', 1, '2112345157', 0),
(159, 2, 'Subscriber 158', 'M', '1980-01-01', NULL, NULL, NULL, 1000000, NULL, NULL, NULL, NULL, 23, '0', '0', 'ID', '2011-02-24 00:00:00', '2011-02-24 00:00:00', 1, '2112345158', 0),
(160, 2, 'Subscriber 159', 'M', '1980-01-01', NULL, NULL, NULL, 1000000, NULL, NULL, NULL, NULL, 47, '0', '0', 'ID', '2011-02-24 00:00:00', '2011-02-24 00:00:00', 1, '2112345159', 0),
(161, 2, 'Subscriber 160', 'M', '1980-01-01', NULL, NULL, NULL, 1000000, NULL, NULL, NULL, NULL, 20, '-6.0316777356529', '106.83893683515', 'ID', '2011-02-24 00:00:00', '2011-02-24 00:00:00', 1, '2112345160', 0),
(162, 2, 'Subscriber 161', 'M', '1980-01-01', NULL, NULL, NULL, 1000000, NULL, NULL, NULL, NULL, 33, '0', '0', 'ID', '2011-02-24 00:00:00', '2011-02-24 00:00:00', 1, '2112345161', 0),
(163, 2, 'Subscriber 162', 'M', '1980-01-01', NULL, NULL, NULL, 1000000, NULL, NULL, NULL, NULL, 24, '0', '0', 'ID', '2011-02-24 00:00:00', '2011-02-24 00:00:00', 1, '2112345162', 0),
(164, 2, 'Subscriber 163', 'M', '1980-01-01', NULL, NULL, NULL, 1000000, NULL, NULL, NULL, NULL, 38, '-6.1407903637708', '106.71786903414', 'ID', '2011-02-24 00:00:00', '2011-02-24 00:00:00', 1, '2112345163', 0),
(165, 2, 'Subscriber 164', 'M', '1980-01-01', NULL, NULL, NULL, 1000000, NULL, NULL, NULL, NULL, 23, '0', '0', 'ID', '2011-02-24 00:00:00', '2011-02-24 00:00:00', 1, '2112345164', 0),
(166, 2, 'Subscriber 165', 'M', '1980-01-01', NULL, NULL, NULL, 1000000, NULL, NULL, NULL, NULL, 39, '0', '0', 'ID', '2011-02-24 00:00:00', '2011-02-24 00:00:00', 1, '2112345165', 0),
(167, 2, 'Subscriber 166', 'M', '1980-01-01', NULL, NULL, NULL, 1000000, NULL, NULL, NULL, NULL, 39, '0', '0', 'ID', '2011-02-24 00:00:00', '2011-02-24 00:00:00', 1, '2112345166', 0),
(168, 2, 'Subscriber 167', 'M', '1980-01-01', NULL, NULL, NULL, 1000000, NULL, NULL, NULL, NULL, 29, '-6.2168482673696', '106.66590136744', 'ID', '2011-02-24 00:00:00', '2011-02-24 00:00:00', 1, '2112345167', 0),
(169, 2, 'Subscriber 168', 'M', '1980-01-01', NULL, NULL, NULL, 1000000, NULL, NULL, NULL, NULL, 37, '0', '0', 'ID', '2011-02-24 00:00:00', '2011-02-24 00:00:00', 1, '2112345168', 0),
(170, 2, 'Subscriber 169', 'M', '1980-01-01', NULL, NULL, NULL, 1000000, NULL, NULL, NULL, NULL, 38, '-6.0750983970808', '106.97632173665', 'ID', '2011-02-24 00:00:00', '2011-02-24 00:00:00', 1, '2112345169', 0),
(171, 2, 'Subscriber 170', 'M', '1980-01-01', NULL, NULL, NULL, 1000000, NULL, NULL, NULL, NULL, 49, '0', '0', 'ID', '2011-02-24 00:00:00', '2011-02-24 00:00:00', 1, '2112345170', 0),
(172, 2, 'Subscriber 171', 'M', '1980-01-01', NULL, NULL, NULL, 1000000, NULL, NULL, NULL, NULL, 34, '0', '0', 'ID', '2011-02-24 00:00:00', '2011-02-24 00:00:00', 1, '2112345171', 0),
(173, 2, 'Subscriber 172', 'M', '1980-01-01', NULL, NULL, NULL, 1000000, NULL, NULL, NULL, NULL, 34, '0', '0', 'ID', '2011-02-24 00:00:00', '2011-02-24 00:00:00', 1, '2112345172', 0),
(174, 2, 'Subscriber 173', 'M', '1980-01-01', NULL, NULL, NULL, 1000000, NULL, NULL, NULL, NULL, 23, '-6.2141462745349', '106.80670601946', 'ID', '2011-02-24 00:00:00', '2011-02-24 00:00:00', 1, '2112345173', 0),
(175, 2, 'Subscriber 174', 'M', '1980-01-01', NULL, NULL, NULL, 1000000, NULL, NULL, NULL, NULL, 19, '0', '0', 'ID', '2011-02-24 00:00:00', '2011-02-24 00:00:00', 1, '2112345174', 0),
(176, 2, 'Subscriber 175', 'M', '1980-01-01', NULL, NULL, NULL, 1000000, NULL, NULL, NULL, NULL, 22, '-6.1320507911756', '106.92762483395', 'ID', '2011-02-24 00:00:00', '2011-02-24 00:00:00', 1, '2112345175', 0),
(177, 2, 'Subscriber 176', 'M', '1980-01-01', NULL, NULL, NULL, 1000000, NULL, NULL, NULL, NULL, 30, '0', '0', 'ID', '2011-02-24 00:00:00', '2011-02-24 00:00:00', 1, '2112345176', 0),
(178, 2, 'Subscriber 177', 'M', '1980-01-01', NULL, NULL, NULL, 1000000, NULL, NULL, NULL, NULL, 47, '0', '0', 'ID', '2011-02-24 00:00:00', '2011-02-24 00:00:00', 1, '2112345177', 0),
(179, 2, 'Subscriber 178', 'M', '1980-01-01', NULL, NULL, NULL, 1000000, NULL, NULL, NULL, NULL, 19, '0', '0', 'ID', '2011-02-24 00:00:00', '2011-02-24 00:00:00', 1, '2112345178', 0),
(180, 2, 'Subscriber 179', 'M', '1980-01-01', NULL, NULL, NULL, 1000000, NULL, NULL, NULL, NULL, 35, '0', '0', 'ID', '2011-02-24 00:00:00', '2011-02-24 00:00:00', 1, '2112345179', 0),
(181, 2, 'Subscriber 180', 'M', '1980-01-01', NULL, NULL, NULL, 1000000, NULL, NULL, NULL, NULL, 21, '0', '0', 'ID', '2011-02-24 00:00:00', '2011-02-24 00:00:00', 1, '2112345180', 0),
(182, 2, 'Subscriber 181', 'M', '1980-01-01', NULL, NULL, NULL, 1000000, NULL, NULL, NULL, NULL, 24, '0', '0', 'ID', '2011-02-24 00:00:00', '2011-02-24 00:00:00', 1, '2112345181', 0),
(183, 2, 'Subscriber 182', 'M', '1980-01-01', NULL, NULL, NULL, 1000000, NULL, NULL, NULL, NULL, 34, '0', '0', 'ID', '2011-02-24 00:00:00', '2011-02-24 00:00:00', 1, '2112345182', 0),
(184, 2, 'Subscriber 183', 'M', '1980-01-01', NULL, NULL, NULL, 1000000, NULL, NULL, NULL, NULL, 20, '-6.2421801736425', '106.67708150792', 'ID', '2011-02-24 00:00:00', '2011-02-24 00:00:00', 1, '2112345183', 0),
(185, 2, 'Subscriber 184', 'M', '1980-01-01', NULL, NULL, NULL, 1000000, NULL, NULL, NULL, NULL, 23, '0', '0', 'ID', '2011-02-24 00:00:00', '2011-02-24 00:00:00', 1, '2112345184', 0),
(186, 2, 'Subscriber 185', 'M', '1980-01-01', NULL, NULL, NULL, 1000000, NULL, NULL, NULL, NULL, 28, '0', '0', 'ID', '2011-02-24 00:00:00', '2011-02-24 00:00:00', 1, '2112345185', 0),
(187, 2, 'Subscriber 186', 'M', '1980-01-01', NULL, NULL, NULL, 1000000, NULL, NULL, NULL, NULL, 34, '-6.0207034479763', '106.84570233104', 'ID', '2011-02-24 00:00:00', '2011-02-24 00:00:00', 1, '2112345186', 0),
(188, 2, 'Subscriber 187', 'M', '1980-01-01', NULL, NULL, NULL, 1000000, NULL, NULL, NULL, NULL, 47, '0', '0', 'ID', '2011-02-24 00:00:00', '2011-02-24 00:00:00', 1, '2112345187', 0),
(189, 2, 'Subscriber 188', 'M', '1980-01-01', NULL, NULL, NULL, 1000000, NULL, NULL, NULL, NULL, 30, '0', '0', 'ID', '2011-02-24 00:00:00', '2011-02-24 00:00:00', 1, '2112345188', 0),
(190, 2, 'Subscriber 189', 'M', '1980-01-01', NULL, NULL, NULL, 1000000, NULL, NULL, NULL, NULL, 47, '0', '0', 'ID', '2011-02-24 00:00:00', '2011-02-24 00:00:00', 1, '2112345189', 0),
(191, 2, 'Subscriber 190', 'M', '1980-01-01', NULL, NULL, NULL, 1000000, NULL, NULL, NULL, NULL, 47, '0', '0', 'ID', '2011-02-24 00:00:00', '2011-02-24 00:00:00', 1, '2112345190', 0),
(192, 2, 'Subscriber 191', 'M', '1980-01-01', NULL, NULL, NULL, 1000000, NULL, NULL, NULL, NULL, 23, '0', '0', 'ID', '2011-02-24 00:00:00', '2011-02-24 00:00:00', 1, '2112345191', 0),
(193, 2, 'Subscriber 192', 'M', '1980-01-01', NULL, NULL, NULL, 1000000, NULL, NULL, NULL, NULL, 38, '-6.3123961875757', '106.61200762669', 'ID', '2011-02-24 00:00:00', '2011-02-24 00:00:00', 1, '2112345192', 0),
(194, 2, 'Subscriber 193', 'M', '1980-01-01', NULL, NULL, NULL, 1000000, NULL, NULL, NULL, NULL, 37, '0', '0', 'ID', '2011-02-24 00:00:00', '2011-02-24 00:00:00', 1, '2112345193', 0),
(195, 2, 'Subscriber 194', 'M', '1980-01-01', NULL, NULL, NULL, 1000000, NULL, NULL, NULL, NULL, 35, '0', '0', 'ID', '2011-02-24 00:00:00', '2011-02-24 00:00:00', 1, '2112345194', 0),
(196, 2, 'Subscriber 195', 'M', '1980-01-01', NULL, NULL, NULL, 1000000, NULL, NULL, NULL, NULL, 30, '0', '0', 'ID', '2011-02-24 00:00:00', '2011-02-24 00:00:00', 1, '2112345195', 0),
(197, 2, 'Subscriber 196', 'M', '1980-01-01', NULL, NULL, NULL, 1000000, NULL, NULL, NULL, NULL, 39, '0', '0', 'ID', '2011-02-24 00:00:00', '2011-02-24 00:00:00', 1, '2112345196', 0),
(198, 2, 'Subscriber 197', 'M', '1980-01-01', NULL, NULL, NULL, 1000000, NULL, NULL, NULL, NULL, 30, '0', '0', 'ID', '2011-02-24 00:00:00', '2011-02-24 00:00:00', 1, '2112345197', 0),
(199, 2, 'Subscriber 198', 'M', '1980-01-01', NULL, NULL, NULL, 1000000, NULL, NULL, NULL, NULL, 26, '0', '0', 'ID', '2011-02-24 00:00:00', '2011-02-24 00:00:00', 1, '2112345198', 0),
(200, 2, 'Subscriber 199', 'M', '1980-01-01', NULL, NULL, NULL, 1000000, NULL, NULL, NULL, NULL, 31, '0', '0', 'ID', '2011-02-24 00:00:00', '2011-02-24 00:00:00', 1, '2112345199', 0),
(201, 2, 'Subscriber 200', 'M', '1980-01-01', NULL, NULL, NULL, 1000000, NULL, NULL, NULL, NULL, 29, '0', '0', 'ID', '2011-02-24 00:00:00', '2011-02-24 00:00:00', 1, '2112345200', 0),
(202, 2, 'Subscriber 201', 'M', '1980-01-01', NULL, NULL, NULL, 1000000, NULL, NULL, NULL, NULL, 39, '0', '0', 'ID', '2011-02-24 00:00:00', '2011-02-24 00:00:00', 1, '2112345201', 0),
(203, 2, 'Subscriber 202', 'M', '1980-01-01', NULL, NULL, NULL, 1000000, NULL, NULL, NULL, NULL, 24, '0', '0', 'ID', '2011-02-24 00:00:00', '2011-02-24 00:00:00', 1, '2112345202', 0),
(204, 2, 'Subscriber 203', 'M', '1980-01-01', NULL, NULL, NULL, 1000000, NULL, NULL, NULL, NULL, 23, '0', '0', 'ID', '2011-02-24 00:00:00', '2011-02-24 00:00:00', 1, '2112345203', 0),
(205, 2, 'Subscriber 204', 'M', '1980-01-01', NULL, NULL, NULL, 1000000, NULL, NULL, NULL, NULL, 24, '0', '0', 'ID', '2011-02-24 00:00:00', '2011-02-24 00:00:00', 1, '2112345204', 0),
(206, 2, 'Subscriber 205', 'M', '1980-01-01', NULL, NULL, NULL, 1000000, NULL, NULL, NULL, NULL, 35, '0', '0', 'ID', '2011-02-24 00:00:00', '2011-02-24 00:00:00', 1, '2112345205', 0),
(207, 2, 'Subscriber 206', 'M', '1980-01-01', NULL, NULL, NULL, 1000000, NULL, NULL, NULL, NULL, 26, '0', '0', 'ID', '2011-02-24 00:00:00', '2011-02-24 00:00:00', 1, '2112345206', 0),
(208, 2, 'Subscriber 207', 'M', '1980-01-01', NULL, NULL, NULL, 1000000, NULL, NULL, NULL, NULL, 21, '0', '0', 'ID', '2011-02-24 00:00:00', '2011-02-24 00:00:00', 1, '2112345207', 0),
(209, 2, 'Subscriber 208', 'M', '1980-01-01', NULL, NULL, NULL, 1000000, NULL, NULL, NULL, NULL, 19, '0', '0', 'ID', '2011-02-24 00:00:00', '2011-02-24 00:00:00', 1, '2112345208', 0),
(210, 2, 'Subscriber 209', 'M', '1980-01-01', NULL, NULL, NULL, 1000000, NULL, NULL, NULL, NULL, 35, '0', '0', 'ID', '2011-02-24 00:00:00', '2011-02-24 00:00:00', 1, '2112345209', 0),
(211, 2, 'Subscriber 210', 'M', '1980-01-01', NULL, NULL, NULL, 1000000, NULL, NULL, NULL, NULL, 25, '-6.1422184210311', '106.87318469199', 'ID', '2011-02-24 00:00:00', '2011-02-24 00:00:00', 1, '2112345210', 0),
(212, 2, 'Subscriber 211', 'M', '1980-01-01', NULL, NULL, NULL, 1000000, NULL, NULL, NULL, NULL, 21, '0', '0', 'ID', '2011-02-24 00:00:00', '2011-02-24 00:00:00', 1, '2112345211', 0),
(213, 2, 'Subscriber 212', 'M', '1980-01-01', NULL, NULL, NULL, 1000000, NULL, NULL, NULL, NULL, 31, '0', '0', 'ID', '2011-02-24 00:00:00', '2011-02-24 00:00:00', 1, '2112345212', 0),
(214, 2, 'Subscriber 213', 'M', '1980-01-01', NULL, NULL, NULL, 1000000, NULL, NULL, NULL, NULL, 33, '0', '0', 'ID', '2011-02-24 00:00:00', '2011-02-24 00:00:00', 1, '2112345213', 0),
(215, 2, 'Subscriber 214', 'M', '1980-01-01', NULL, NULL, NULL, 1000000, NULL, NULL, NULL, NULL, 38, '0', '0', 'ID', '2011-02-24 00:00:00', '2011-02-24 00:00:00', 1, '2112345214', 0),
(216, 2, 'Subscriber 215', 'M', '1980-01-01', NULL, NULL, NULL, 1000000, NULL, NULL, NULL, NULL, 49, '0', '0', 'ID', '2011-02-24 00:00:00', '2011-02-24 00:00:00', 1, '2112345215', 0),
(217, 2, 'Subscriber 216', 'M', '1980-01-01', NULL, NULL, NULL, 1000000, NULL, NULL, NULL, NULL, 32, '0', '0', 'ID', '2011-02-24 00:00:00', '2011-02-24 00:00:00', 1, '2112345216', 0),
(218, 2, 'Subscriber 217', 'M', '1980-01-01', NULL, NULL, NULL, 1000000, NULL, NULL, NULL, NULL, 24, '0', '0', 'ID', '2011-02-24 00:00:00', '2011-02-24 00:00:00', 1, '2112345217', 0),
(219, 2, 'Subscriber 218', 'M', '1980-01-01', NULL, NULL, NULL, 1000000, NULL, NULL, NULL, NULL, 47, '0', '0', 'ID', '2011-02-24 00:00:00', '2011-02-24 00:00:00', 1, '2112345218', 0),
(220, 2, 'Subscriber 219', 'M', '1980-01-01', NULL, NULL, NULL, 1000000, NULL, NULL, NULL, NULL, 25, '0', '0', 'ID', '2011-02-24 00:00:00', '2011-02-24 00:00:00', 1, '2112345219', 0),
(221, 2, 'Subscriber 220', 'M', '1980-01-01', NULL, NULL, NULL, 1000000, NULL, NULL, NULL, NULL, 38, '0', '0', 'ID', '2011-02-24 00:00:00', '2011-02-24 00:00:00', 1, '2112345220', 0),
(222, 2, 'Subscriber 221', 'M', '1980-01-01', NULL, NULL, NULL, 1000000, NULL, NULL, NULL, NULL, 24, '0', '0', 'ID', '2011-02-24 00:00:00', '2011-02-24 00:00:00', 1, '2112345221', 0),
(223, 2, 'Subscriber 222', 'M', '1980-01-01', NULL, NULL, NULL, 1000000, NULL, NULL, NULL, NULL, 37, '0', '0', 'ID', '2011-02-24 00:00:00', '2011-02-24 00:00:00', 1, '2112345222', 0),
(224, 2, 'Subscriber 223', 'M', '1980-01-01', NULL, NULL, NULL, 1000000, NULL, NULL, NULL, NULL, 49, '0', '0', 'ID', '2011-02-24 00:00:00', '2011-02-24 00:00:00', 1, '2112345223', 0),
(225, 2, 'Subscriber 224', 'M', '1980-01-01', NULL, NULL, NULL, 1000000, NULL, NULL, NULL, NULL, 20, '0', '0', 'ID', '2011-02-24 00:00:00', '2011-02-24 00:00:00', 1, '2112345224', 0),
(226, 2, 'Subscriber 225', 'M', '1980-01-01', NULL, NULL, NULL, 1000000, NULL, NULL, NULL, NULL, 30, '-6.2371306117775', '106.99625301228', 'ID', '2011-02-24 00:00:00', '2011-02-24 00:00:00', 1, '2112345225', 0),
(227, 2, 'Subscriber 226', 'M', '1980-01-01', NULL, NULL, NULL, 1000000, NULL, NULL, NULL, NULL, 35, '-6.1933464187222', '106.71718943441', 'ID', '2011-02-24 00:00:00', '2011-02-24 00:00:00', 1, '2112345226', 0),
(228, 2, 'Subscriber 227', 'M', '1980-01-01', NULL, NULL, NULL, 1000000, NULL, NULL, NULL, NULL, 33, '0', '0', 'ID', '2011-02-24 00:00:00', '2011-02-24 00:00:00', 1, '2112345227', 0),
(229, 2, 'Subscriber 228', 'M', '1980-01-01', NULL, NULL, NULL, 1000000, NULL, NULL, NULL, NULL, 20, '0', '0', 'ID', '2011-02-24 00:00:00', '2011-02-24 00:00:00', 1, '2112345228', 0),
(230, 2, 'Subscriber 229', 'M', '1980-01-01', NULL, NULL, NULL, 1000000, NULL, NULL, NULL, NULL, 33, '0', '0', 'ID', '2011-02-24 00:00:00', '2011-02-24 00:00:00', 1, '2112345229', 0),
(231, 2, 'Subscriber 230', 'M', '1980-01-01', NULL, NULL, NULL, 1000000, NULL, NULL, NULL, NULL, 24, '0', '0', 'ID', '2011-02-24 00:00:00', '2011-02-24 00:00:00', 1, '2112345230', 0),
(232, 2, 'Subscriber 231', 'M', '1980-01-01', NULL, NULL, NULL, 1000000, NULL, NULL, NULL, NULL, 22, '0', '0', 'ID', '2011-02-24 00:00:00', '2011-02-24 00:00:00', 1, '2112345231', 0),
(233, 2, 'Subscriber 232', 'M', '1980-01-01', NULL, NULL, NULL, 1000000, NULL, NULL, NULL, NULL, 32, '-6.0991594005098', '106.96688571315', 'ID', '2011-02-24 00:00:00', '2011-02-24 00:00:00', 1, '2112345232', 0),
(234, 2, 'Subscriber 233', 'M', '1980-01-01', NULL, NULL, NULL, 1000000, NULL, NULL, NULL, NULL, 29, '-6.3435290615587', '106.74512907618', 'ID', '2011-02-24 00:00:00', '2011-02-24 00:00:00', 1, '2112345233', 0),
(235, 2, 'Subscriber 234', 'M', '1980-01-01', NULL, NULL, NULL, 1000000, NULL, NULL, NULL, NULL, 21, '0', '0', 'ID', '2011-02-24 00:00:00', '2011-02-24 00:00:00', 1, '2112345234', 0),
(236, 2, 'Subscriber 235', 'M', '1980-01-01', NULL, NULL, NULL, 1000000, NULL, NULL, NULL, NULL, 23, '0', '0', 'ID', '2011-02-24 00:00:00', '2011-02-24 00:00:00', 1, '2112345235', 0),
(237, 2, 'Subscriber 236', 'M', '1980-01-01', NULL, NULL, NULL, 1000000, NULL, NULL, NULL, NULL, 26, '0', '0', 'ID', '2011-02-24 00:00:00', '2011-02-24 00:00:00', 1, '2112345236', 0),
(238, 2, 'Subscriber 237', 'M', '1980-01-01', NULL, NULL, NULL, 1000000, NULL, NULL, NULL, NULL, 35, '0', '0', 'ID', '2011-02-24 00:00:00', '2011-02-24 00:00:00', 1, '2112345237', 0),
(239, 2, 'Subscriber 238', 'M', '1980-01-01', NULL, NULL, NULL, 1000000, NULL, NULL, NULL, NULL, 21, '0', '0', 'ID', '2011-02-24 00:00:00', '2011-02-24 00:00:00', 1, '2112345238', 0),
(240, 2, 'Subscriber 239', 'M', '1980-01-01', NULL, NULL, NULL, 1000000, NULL, NULL, NULL, NULL, 32, '0', '0', 'ID', '2011-02-24 00:00:00', '2011-02-24 00:00:00', 1, '2112345239', 0),
(241, 2, 'Subscriber 240', 'M', '1980-01-01', NULL, NULL, NULL, 1000000, NULL, NULL, NULL, NULL, 19, '0', '0', 'ID', '2011-02-24 00:00:00', '2011-02-24 00:00:00', 1, '2112345240', 0),
(242, 2, 'Subscriber 241', 'M', '1980-01-01', NULL, NULL, NULL, 1000000, NULL, NULL, NULL, NULL, 21, '0', '0', 'ID', '2011-02-24 00:00:00', '2011-02-24 00:00:00', 1, '2112345241', 0),
(243, 2, 'Subscriber 242', 'M', '1980-01-01', NULL, NULL, NULL, 1000000, NULL, NULL, NULL, NULL, 47, '-6.0326045773778', '107.01146262175', 'ID', '2011-02-24 00:00:00', '2011-02-24 00:00:00', 1, '2112345242', 0),
(244, 2, 'Subscriber 243', 'M', '1980-01-01', NULL, NULL, NULL, 1000000, NULL, NULL, NULL, NULL, 19, '0', '0', 'ID', '2011-02-24 00:00:00', '2011-02-24 00:00:00', 1, '2112345243', 0),
(245, 2, 'Subscriber 244', 'M', '1980-01-01', NULL, NULL, NULL, 1000000, NULL, NULL, NULL, NULL, 30, '0', '0', 'ID', '2011-02-24 00:00:00', '2011-02-24 00:00:00', 1, '2112345244', 0),
(246, 2, 'Subscriber 245', 'M', '1980-01-01', NULL, NULL, NULL, 1000000, NULL, NULL, NULL, NULL, 30, '-6.1287763714306', '106.73488674024', 'ID', '2011-02-24 00:00:00', '2011-02-24 00:00:00', 1, '2112345245', 0),
(247, 2, 'Subscriber 246', 'M', '1980-01-01', NULL, NULL, NULL, 1000000, NULL, NULL, NULL, NULL, 30, '0', '0', 'ID', '2011-02-24 00:00:00', '2011-02-24 00:00:00', 1, '2112345246', 0),
(248, 2, 'Subscriber 247', 'M', '1980-01-01', NULL, NULL, NULL, 1000000, NULL, NULL, NULL, NULL, 24, '0', '0', 'ID', '2011-02-24 00:00:00', '2011-02-24 00:00:00', 1, '2112345247', 0),
(249, 2, 'Subscriber 248', 'M', '1980-01-01', NULL, NULL, NULL, 1000000, NULL, NULL, NULL, NULL, 29, '-6.1421474843228', '106.8494781974', 'ID', '2011-02-24 00:00:00', '2011-02-24 00:00:00', 1, '2112345248', 0),
(250, 2, 'Subscriber 249', 'M', '1980-01-01', NULL, NULL, NULL, 1000000, NULL, NULL, NULL, NULL, 31, '0', '0', 'ID', '2011-02-24 00:00:00', '2011-02-24 00:00:00', 1, '2112345249', 0),
(251, 2, 'Subscriber 250', 'M', '1980-01-01', NULL, NULL, NULL, 1000000, NULL, NULL, NULL, NULL, 27, '0', '0', 'ID', '2011-02-24 00:00:00', '2011-02-24 00:00:00', 1, '2112345250', 0),
(252, 2, 'Subscriber 251', 'M', '1980-01-01', NULL, NULL, NULL, 1000000, NULL, NULL, NULL, NULL, 19, '0', '0', 'ID', '2011-02-24 00:00:00', '2011-02-24 00:00:00', 1, '2112345251', 0),
(253, 2, 'Subscriber 252', 'M', '1980-01-01', NULL, NULL, NULL, 1000000, NULL, NULL, NULL, NULL, 34, '0', '0', 'ID', '2011-02-24 00:00:00', '2011-02-24 00:00:00', 1, '2112345252', 0),
(254, 2, 'Subscriber 253', 'M', '1980-01-01', NULL, NULL, NULL, 1000000, NULL, NULL, NULL, NULL, 47, '-6.3514927375497', '106.98775357884', 'ID', '2011-02-24 00:00:00', '2011-02-24 00:00:00', 1, '2112345253', 0),
(255, 2, 'Subscriber 254', 'M', '1980-01-01', NULL, NULL, NULL, 1000000, NULL, NULL, NULL, NULL, 26, '0', '0', 'ID', '2011-02-24 00:00:00', '2011-02-24 00:00:00', 1, '2112345254', 0),
(256, 2, 'Subscriber 255', 'M', '1980-01-01', NULL, NULL, NULL, 1000000, NULL, NULL, NULL, NULL, 21, '0', '0', 'ID', '2011-02-24 00:00:00', '2011-02-24 00:00:00', 1, '2112345255', 0),
(257, 2, 'Subscriber 256', 'M', '1980-01-01', NULL, NULL, NULL, 1000000, NULL, NULL, NULL, NULL, 39, '0', '0', 'ID', '2011-02-24 00:00:00', '2011-02-24 00:00:00', 1, '2112345256', 0),
(258, 2, 'Subscriber 257', 'M', '1980-01-01', NULL, NULL, NULL, 1000000, NULL, NULL, NULL, NULL, 34, '-6.3019706377363', '106.69438127071', 'ID', '2011-02-24 00:00:00', '2011-02-24 00:00:00', 1, '2112345257', 0),
(259, 2, 'Subscriber 258', 'M', '1980-01-01', NULL, NULL, NULL, 1000000, NULL, NULL, NULL, NULL, 23, '0', '0', 'ID', '2011-02-24 00:00:00', '2011-02-24 00:00:00', 1, '2112345258', 0),
(260, 2, 'Subscriber 259', 'M', '1980-01-01', NULL, NULL, NULL, 1000000, NULL, NULL, NULL, NULL, 25, '0', '0', 'ID', '2011-02-24 00:00:00', '2011-02-24 00:00:00', 1, '2112345259', 0),
(261, 2, 'Subscriber 260', 'M', '1980-01-01', NULL, NULL, NULL, 1000000, NULL, NULL, NULL, NULL, 37, '-6.1921131082834', '106.70180542039', 'ID', '2011-02-24 00:00:00', '2011-02-24 00:00:00', 1, '2112345260', 0),
(262, 2, 'Subscriber 261', 'M', '1980-01-01', NULL, NULL, NULL, 1000000, NULL, NULL, NULL, NULL, 24, '0', '0', 'ID', '2011-02-24 00:00:00', '2011-02-24 00:00:00', 1, '2112345261', 0),
(263, 2, 'Subscriber 262', 'M', '1980-01-01', NULL, NULL, NULL, 1000000, NULL, NULL, NULL, NULL, 34, '0', '0', 'ID', '2011-02-24 00:00:00', '2011-02-24 00:00:00', 1, '2112345262', 0),
(264, 2, 'Subscriber 263', 'M', '1980-01-01', NULL, NULL, NULL, 1000000, NULL, NULL, NULL, NULL, 24, '-6.1263565666841', '106.76939290759', 'ID', '2011-02-24 00:00:00', '2011-02-24 00:00:00', 1, '2112345263', 0),
(265, 2, 'Subscriber 264', 'M', '1980-01-01', NULL, NULL, NULL, 1000000, NULL, NULL, NULL, NULL, 23, '0', '0', 'ID', '2011-02-24 00:00:00', '2011-02-24 00:00:00', 1, '2112345264', 0),
(266, 2, 'Subscriber 265', 'M', '1980-01-01', NULL, NULL, NULL, 1000000, NULL, NULL, NULL, NULL, 30, '0', '0', 'ID', '2011-02-24 00:00:00', '2011-02-24 00:00:00', 1, '2112345265', 0),
(267, 2, 'Subscriber 266', 'M', '1980-01-01', NULL, NULL, NULL, 1000000, NULL, NULL, NULL, NULL, 30, '0', '0', 'ID', '2011-02-24 00:00:00', '2011-02-24 00:00:00', 1, '2112345266', 0),
(268, 2, 'Subscriber 267', 'M', '1980-01-01', NULL, NULL, NULL, 1000000, NULL, NULL, NULL, NULL, 47, '0', '0', 'ID', '2011-02-24 00:00:00', '2011-02-24 00:00:00', 1, '2112345267', 0),
(269, 2, 'Subscriber 268', 'M', '1980-01-01', NULL, NULL, NULL, 1000000, NULL, NULL, NULL, NULL, 39, '0', '0', 'ID', '2011-02-24 00:00:00', '2011-02-24 00:00:00', 1, '2112345268', 0),
(270, 2, 'Subscriber 269', 'M', '1980-01-01', NULL, NULL, NULL, 1000000, NULL, NULL, NULL, NULL, 23, '-6.1708974341751', '106.78884536921', 'ID', '2011-02-24 00:00:00', '2011-02-24 00:00:00', 1, '2112345269', 0),
(271, 2, 'Subscriber 270', 'M', '1980-01-01', NULL, NULL, NULL, 1000000, NULL, NULL, NULL, NULL, 28, '0', '0', 'ID', '2011-02-24 00:00:00', '2011-02-24 00:00:00', 1, '2112345270', 0),
(272, 2, 'Subscriber 271', 'M', '1980-01-01', NULL, NULL, NULL, 1000000, NULL, NULL, NULL, NULL, 32, '0', '0', 'ID', '2011-02-24 00:00:00', '2011-02-24 00:00:00', 1, '2112345271', 0),
(273, 2, 'Subscriber 272', 'M', '1980-01-01', NULL, NULL, NULL, 1000000, NULL, NULL, NULL, NULL, 31, '0', '0', 'ID', '2011-02-24 00:00:00', '2011-02-24 00:00:00', 1, '2112345272', 0),
(274, 2, 'Subscriber 273', 'M', '1980-01-01', NULL, NULL, NULL, 1000000, NULL, NULL, NULL, NULL, 20, '0', '0', 'ID', '2011-02-24 00:00:00', '2011-02-24 00:00:00', 1, '2112345273', 0),
(275, 2, 'Subscriber 274', 'M', '1980-01-01', NULL, NULL, NULL, 1000000, NULL, NULL, NULL, NULL, 24, '0', '0', 'ID', '2011-02-24 00:00:00', '2011-02-24 00:00:00', 1, '2112345274', 0),
(276, 2, 'Subscriber 275', 'M', '1980-01-01', NULL, NULL, NULL, 1000000, NULL, NULL, NULL, NULL, 28, '-6.1395670103583', '106.97829129429', 'ID', '2011-02-24 00:00:00', '2011-02-24 00:00:00', 1, '2112345275', 0),
(277, 2, 'Subscriber 276', 'M', '1980-01-01', NULL, NULL, NULL, 1000000, NULL, NULL, NULL, NULL, 41, '0', '0', 'ID', '2011-02-24 00:00:00', '2011-02-24 00:00:00', 1, '2112345276', 0),
(278, 2, 'Subscriber 277', 'M', '1980-01-01', NULL, NULL, NULL, 1000000, NULL, NULL, NULL, NULL, 39, '-6.0497202049071', '106.70883671781', 'ID', '2011-02-24 00:00:00', '2011-02-24 00:00:00', 1, '2112345277', 0),
(279, 2, 'Subscriber 278', 'M', '1980-01-01', NULL, NULL, NULL, 1000000, NULL, NULL, NULL, NULL, 34, '0', '0', 'ID', '2011-02-24 00:00:00', '2011-02-24 00:00:00', 1, '2112345278', 0),
(280, 2, 'Subscriber 279', 'M', '1980-01-01', NULL, NULL, NULL, 1000000, NULL, NULL, NULL, NULL, 20, '0', '0', 'ID', '2011-02-24 00:00:00', '2011-02-24 00:00:00', 1, '2112345279', 0),
(281, 2, 'Subscriber 280', 'M', '1980-01-01', NULL, NULL, NULL, 1000000, NULL, NULL, NULL, NULL, 39, '0', '0', 'ID', '2011-02-24 00:00:00', '2011-02-24 00:00:00', 1, '2112345280', 0),
(282, 2, 'Subscriber 281', 'M', '1980-01-01', NULL, NULL, NULL, 1000000, NULL, NULL, NULL, NULL, 26, '0', '0', 'ID', '2011-02-24 00:00:00', '2011-02-24 00:00:00', 1, '2112345281', 0),
(283, 2, 'Subscriber 282', 'M', '1980-01-01', NULL, NULL, NULL, 1000000, NULL, NULL, NULL, NULL, 29, '0', '0', 'ID', '2011-02-24 00:00:00', '2011-02-24 00:00:00', 1, '2112345282', 0),
(284, 2, 'Subscriber 283', 'M', '1980-01-01', NULL, NULL, NULL, 1000000, NULL, NULL, NULL, NULL, 26, '0', '0', 'ID', '2011-02-24 00:00:00', '2011-02-24 00:00:00', 1, '2112345283', 0),
(285, 2, 'Subscriber 284', 'M', '1980-01-01', NULL, NULL, NULL, 1000000, NULL, NULL, NULL, NULL, 47, '0', '0', 'ID', '2011-02-24 00:00:00', '2011-02-24 00:00:00', 1, '2112345284', 0),
(286, 2, 'Subscriber 285', 'M', '1980-01-01', NULL, NULL, NULL, 1000000, NULL, NULL, NULL, NULL, 24, '0', '0', 'ID', '2011-02-24 00:00:00', '2011-02-24 00:00:00', 1, '2112345285', 0),
(287, 2, 'Subscriber 286', 'M', '1980-01-01', NULL, NULL, NULL, 1000000, NULL, NULL, NULL, NULL, 27, '0', '0', 'ID', '2011-02-24 00:00:00', '2011-02-24 00:00:00', 1, '2112345286', 0),
(288, 2, 'Subscriber 287', 'M', '1980-01-01', NULL, NULL, NULL, 1000000, NULL, NULL, NULL, NULL, 39, '-6.1145997387136', '106.76171988488', 'ID', '2011-02-24 00:00:00', '2011-02-24 00:00:00', 1, '2112345287', 0),
(289, 2, 'Subscriber 288', 'M', '1980-01-01', NULL, NULL, NULL, 1000000, NULL, NULL, NULL, NULL, 21, '0', '0', 'ID', '2011-02-24 00:00:00', '2011-02-24 00:00:00', 1, '2112345288', 0);
INSERT INTO `subscribers` (`subscriber_id`, `mentor_id`, `name`, `gender`, `birthday`, `place_birth`, `idcard`, `edu_id`, `salary`, `address1`, `address2`, `rt`, `rw`, `loc_id`, `pos_lat`, `pos_lng`, `country_id`, `date_add`, `date_update`, `status`, `mdn`, `n_jobapplied`) VALUES
(290, 2, 'Subscriber 289', 'M', '1980-01-01', NULL, NULL, NULL, 1000000, NULL, NULL, NULL, NULL, 26, '0', '0', 'ID', '2011-02-24 00:00:00', '2011-02-24 00:00:00', 1, '2112345289', 0),
(291, 2, 'Subscriber 290', 'M', '1980-01-01', NULL, NULL, NULL, 1000000, NULL, NULL, NULL, NULL, 22, '0', '0', 'ID', '2011-02-24 00:00:00', '2011-02-24 00:00:00', 1, '2112345290', 0),
(292, 2, 'Subscriber 291', 'M', '1980-01-01', NULL, NULL, NULL, 1000000, NULL, NULL, NULL, NULL, 29, '0', '0', 'ID', '2011-02-24 00:00:00', '2011-02-24 00:00:00', 1, '2112345291', 0),
(293, 2, 'Subscriber 292', 'M', '1980-01-01', NULL, NULL, NULL, 1000000, NULL, NULL, NULL, NULL, 47, '0', '0', 'ID', '2011-02-24 00:00:00', '2011-02-24 00:00:00', 1, '2112345292', 0),
(294, 2, 'Subscriber 293', 'M', '1980-01-01', NULL, NULL, NULL, 1000000, NULL, NULL, NULL, NULL, 27, '0', '0', 'ID', '2011-02-24 00:00:00', '2011-02-24 00:00:00', 1, '2112345293', 0),
(295, 2, 'Subscriber 294', 'M', '1980-01-01', NULL, NULL, NULL, 1000000, NULL, NULL, NULL, NULL, 32, '0', '0', 'ID', '2011-02-24 00:00:00', '2011-02-24 00:00:00', 1, '2112345294', 0),
(296, 2, 'Subscriber 295', 'M', '1980-01-01', NULL, NULL, NULL, 1000000, NULL, NULL, NULL, NULL, 38, '0', '0', 'ID', '2011-02-24 00:00:00', '2011-02-24 00:00:00', 1, '2112345295', 0),
(297, 2, 'Subscriber 296', 'M', '1980-01-01', NULL, NULL, NULL, 1000000, NULL, NULL, NULL, NULL, 27, '0', '0', 'ID', '2011-02-24 00:00:00', '2011-02-24 00:00:00', 1, '2112345296', 0),
(298, 2, 'Subscriber 297', 'M', '1980-01-01', NULL, NULL, NULL, 1000000, NULL, NULL, NULL, NULL, 20, '-6.0465134465793', '106.87699190029', 'ID', '2011-02-24 00:00:00', '2011-02-24 00:00:00', 1, '2112345297', 0),
(299, 2, 'Subscriber 298', 'M', '1980-01-01', NULL, NULL, NULL, 1000000, NULL, NULL, NULL, NULL, 26, '0', '0', 'ID', '2011-02-24 00:00:00', '2011-02-24 00:00:00', 1, '2112345298', 0),
(300, 2, 'Subscriber 299', 'M', '1980-01-01', NULL, NULL, NULL, 1000000, NULL, NULL, NULL, NULL, 37, '0', '0', 'ID', '2011-02-24 00:00:00', '2011-02-24 00:00:00', 1, '2112345299', 0),
(301, 2, 'Subscriber 300', 'M', '1980-01-01', NULL, NULL, NULL, 1000000, NULL, NULL, NULL, NULL, 41, '0', '0', 'ID', '2011-02-24 00:00:00', '2011-02-24 00:00:00', 1, '2112345300', 0),
(302, 2, 'Subscriber 301', 'M', '1980-01-01', NULL, NULL, NULL, 1000000, NULL, NULL, NULL, NULL, 23, '0', '0', 'ID', '2011-02-24 00:00:00', '2011-02-24 00:00:00', 1, '2112345301', 0),
(303, 2, 'Subscriber 302', 'M', '1980-01-01', NULL, NULL, NULL, 1000000, NULL, NULL, NULL, NULL, 23, '0', '0', 'ID', '2011-02-24 00:00:00', '2011-02-24 00:00:00', 1, '2112345302', 0),
(304, 2, 'Subscriber 303', 'M', '1980-01-01', NULL, NULL, NULL, 1000000, NULL, NULL, NULL, NULL, 19, '0', '0', 'ID', '2011-02-24 00:00:00', '2011-02-24 00:00:00', 1, '2112345303', 0),
(305, 2, 'Subscriber 304', 'M', '1980-01-01', NULL, NULL, NULL, 1000000, NULL, NULL, NULL, NULL, 32, '0', '0', 'ID', '2011-02-24 00:00:00', '2011-02-24 00:00:00', 1, '2112345304', 0),
(306, 2, 'Subscriber 305', 'M', '1980-01-01', NULL, NULL, NULL, 1000000, NULL, NULL, NULL, NULL, 30, '0', '0', 'ID', '2011-02-24 00:00:00', '2011-02-24 00:00:00', 1, '2112345305', 0),
(307, 2, 'Subscriber 306', 'M', '1980-01-01', NULL, NULL, NULL, 1000000, NULL, NULL, NULL, NULL, 41, '0', '0', 'ID', '2011-02-24 00:00:00', '2011-02-24 00:00:00', 1, '2112345306', 0),
(308, 2, 'Subscriber 307', 'M', '1980-01-01', NULL, NULL, NULL, 1000000, NULL, NULL, NULL, NULL, 26, '0', '0', 'ID', '2011-02-24 00:00:00', '2011-02-24 00:00:00', 1, '2112345307', 0),
(309, 2, 'Subscriber 308', 'M', '1980-01-01', NULL, NULL, NULL, 1000000, NULL, NULL, NULL, NULL, 49, '0', '0', 'ID', '2011-02-24 00:00:00', '2011-02-24 00:00:00', 1, '2112345308', 0),
(310, 2, 'Subscriber 309', 'M', '1980-01-01', NULL, NULL, NULL, 1000000, NULL, NULL, NULL, NULL, 47, '0', '0', 'ID', '2011-02-24 00:00:00', '2011-02-24 00:00:00', 1, '2112345309', 0),
(311, 2, 'Subscriber 310', 'M', '1980-01-01', NULL, NULL, NULL, 1000000, NULL, NULL, NULL, NULL, 26, '0', '0', 'ID', '2011-02-24 00:00:00', '2011-02-24 00:00:00', 1, '2112345310', 0),
(312, 2, 'Subscriber 311', 'M', '1980-01-01', NULL, NULL, NULL, 1000000, NULL, NULL, NULL, NULL, 29, '0', '0', 'ID', '2011-02-24 00:00:00', '2011-02-24 00:00:00', 1, '2112345311', 0),
(313, 2, 'Subscriber 312', 'M', '1980-01-01', NULL, NULL, NULL, 1000000, NULL, NULL, NULL, NULL, 47, '0', '0', 'ID', '2011-02-24 00:00:00', '2011-02-24 00:00:00', 1, '2112345312', 0),
(314, 2, 'Subscriber 313', 'M', '1980-01-01', NULL, NULL, NULL, 1000000, NULL, NULL, NULL, NULL, 34, '0', '0', 'ID', '2011-02-24 00:00:00', '2011-02-24 00:00:00', 1, '2112345313', 0),
(315, 2, 'Subscriber 314', 'M', '1980-01-01', NULL, NULL, NULL, 1000000, NULL, NULL, NULL, NULL, 20, '0', '0', 'ID', '2011-02-24 00:00:00', '2011-02-24 00:00:00', 1, '2112345314', 0),
(316, 2, 'Subscriber 315', 'M', '1980-01-01', NULL, NULL, NULL, 1000000, NULL, NULL, NULL, NULL, 21, '-6.2485878747821', '107.02086989716', 'ID', '2011-02-24 00:00:00', '2011-02-24 00:00:00', 1, '2112345315', 0),
(317, 2, 'Subscriber 316', 'M', '1980-01-01', NULL, NULL, NULL, 1000000, NULL, NULL, NULL, NULL, 38, '0', '0', 'ID', '2011-02-24 00:00:00', '2011-02-24 00:00:00', 1, '2112345316', 0),
(318, 2, 'Subscriber 317', 'M', '1980-01-01', NULL, NULL, NULL, 1000000, NULL, NULL, NULL, NULL, 47, '0', '0', 'ID', '2011-02-24 00:00:00', '2011-02-24 00:00:00', 1, '2112345317', 0),
(319, 2, 'Subscriber 318', 'M', '1980-01-01', NULL, NULL, NULL, 1000000, NULL, NULL, NULL, NULL, 49, '0', '0', 'ID', '2011-02-24 00:00:00', '2011-02-24 00:00:00', 1, '2112345318', 0),
(320, 2, 'Subscriber 319', 'M', '1980-01-01', NULL, NULL, NULL, 1000000, NULL, NULL, NULL, NULL, 20, '-6.1637635388894', '106.92536716563', 'ID', '2011-02-24 00:00:00', '2011-02-24 00:00:00', 1, '2112345319', 0),
(321, 2, 'Subscriber 320', 'M', '1980-01-01', NULL, NULL, NULL, 1000000, NULL, NULL, NULL, NULL, 39, '0', '0', 'ID', '2011-02-24 00:00:00', '2011-02-24 00:00:00', 1, '2112345320', 0),
(322, 2, 'Subscriber 321', 'M', '1980-01-01', NULL, NULL, NULL, 1000000, NULL, NULL, NULL, NULL, 31, '0', '0', 'ID', '2011-02-24 00:00:00', '2011-02-24 00:00:00', 1, '2112345321', 0),
(323, 2, 'Subscriber 322', 'M', '1980-01-01', NULL, NULL, NULL, 1000000, NULL, NULL, NULL, NULL, 34, '0', '0', 'ID', '2011-02-24 00:00:00', '2011-02-24 00:00:00', 1, '2112345322', 0),
(324, 2, 'Subscriber 323', 'M', '1980-01-01', NULL, NULL, NULL, 1000000, NULL, NULL, NULL, NULL, 20, '0', '0', 'ID', '2011-02-24 00:00:00', '2011-02-24 00:00:00', 1, '2112345323', 0),
(325, 2, 'Subscriber 324', 'M', '1980-01-01', NULL, NULL, NULL, 1000000, NULL, NULL, NULL, NULL, 35, '0', '0', 'ID', '2011-02-24 00:00:00', '2011-02-24 00:00:00', 1, '2112345324', 0),
(326, 2, 'Subscriber 325', 'M', '1980-01-01', NULL, NULL, NULL, 1000000, NULL, NULL, NULL, NULL, 47, '0', '0', 'ID', '2011-02-24 00:00:00', '2011-02-24 00:00:00', 1, '2112345325', 0),
(327, 2, 'Subscriber 326', 'M', '1980-01-01', NULL, NULL, NULL, 1000000, NULL, NULL, NULL, NULL, 47, '-6.0832836542282', '106.64406036629', 'ID', '2011-02-24 00:00:00', '2011-02-24 00:00:00', 1, '2112345326', 0),
(328, 2, 'Subscriber 327', 'M', '1980-01-01', NULL, NULL, NULL, 1000000, NULL, NULL, NULL, NULL, 49, '-6.3040938319087', '106.82650693295', 'ID', '2011-02-24 00:00:00', '2011-02-24 00:00:00', 1, '2112345327', 0),
(329, 2, 'Subscriber 328', 'M', '1980-01-01', NULL, NULL, NULL, 1000000, NULL, NULL, NULL, NULL, 47, '-6.1823355387414', '106.65246426407', 'ID', '2011-02-24 00:00:00', '2011-02-24 00:00:00', 1, '2112345328', 0),
(330, 2, 'Subscriber 329', 'M', '1980-01-01', NULL, NULL, NULL, 1000000, NULL, NULL, NULL, NULL, 21, '0', '0', 'ID', '2011-02-24 00:00:00', '2011-02-24 00:00:00', 1, '2112345329', 0),
(331, 2, 'Subscriber 330', 'M', '1980-01-01', NULL, NULL, NULL, 1000000, NULL, NULL, NULL, NULL, 35, '0', '0', 'ID', '2011-02-24 00:00:00', '2011-02-24 00:00:00', 1, '2112345330', 0),
(332, 2, 'Subscriber 331', 'M', '1980-01-01', NULL, NULL, NULL, 1000000, NULL, NULL, NULL, NULL, 25, '0', '0', 'ID', '2011-02-24 00:00:00', '2011-02-24 00:00:00', 1, '2112345331', 0),
(333, 2, 'Subscriber 332', 'M', '1980-01-01', NULL, NULL, NULL, 1000000, NULL, NULL, NULL, NULL, 31, '0', '0', 'ID', '2011-02-24 00:00:00', '2011-02-24 00:00:00', 1, '2112345332', 0),
(334, 2, 'Subscriber 333', 'M', '1980-01-01', NULL, NULL, NULL, 1000000, NULL, NULL, NULL, NULL, 35, '0', '0', 'ID', '2011-02-24 00:00:00', '2011-02-24 00:00:00', 1, '2112345333', 0),
(335, 2, 'Subscriber 334', 'M', '1980-01-01', NULL, NULL, NULL, 1000000, NULL, NULL, NULL, NULL, 30, '0', '0', 'ID', '2011-02-24 00:00:00', '2011-02-24 00:00:00', 1, '2112345334', 0),
(336, 2, 'Subscriber 335', 'M', '1980-01-01', NULL, NULL, NULL, 1000000, NULL, NULL, NULL, NULL, 47, '0', '0', 'ID', '2011-02-24 00:00:00', '2011-02-24 00:00:00', 1, '2112345335', 0),
(337, 2, 'Subscriber 336', 'M', '1980-01-01', NULL, NULL, NULL, 1000000, NULL, NULL, NULL, NULL, 20, '0', '0', 'ID', '2011-02-24 00:00:00', '2011-02-24 00:00:00', 1, '2112345336', 0),
(338, 2, 'Subscriber 337', 'M', '1980-01-01', NULL, NULL, NULL, 1000000, NULL, NULL, NULL, NULL, 29, '-6.246909664455', '106.76689101974', 'ID', '2011-02-24 00:00:00', '2011-02-24 00:00:00', 1, '2112345337', 0),
(339, 2, 'Subscriber 338', 'M', '1980-01-01', NULL, NULL, NULL, 1000000, NULL, NULL, NULL, NULL, 23, '0', '0', 'ID', '2011-02-24 00:00:00', '2011-02-24 00:00:00', 1, '2112345338', 0),
(340, 2, 'Subscriber 339', 'M', '1980-01-01', NULL, NULL, NULL, 1000000, NULL, NULL, NULL, NULL, 47, '0', '0', 'ID', '2011-02-24 00:00:00', '2011-02-24 00:00:00', 1, '2112345339', 0),
(341, 2, 'Subscriber 340', 'M', '1980-01-01', NULL, NULL, NULL, 1000000, NULL, NULL, NULL, NULL, 27, '-6.0744038271601', '106.89253498956', 'ID', '2011-02-24 00:00:00', '2011-02-24 00:00:00', 1, '2112345340', 0),
(342, 2, 'Subscriber 341', 'M', '1980-01-01', NULL, NULL, NULL, 1000000, NULL, NULL, NULL, NULL, 21, '0', '0', 'ID', '2011-02-24 00:00:00', '2011-02-24 00:00:00', 1, '2112345341', 0),
(343, 2, 'Subscriber 342', 'M', '1980-01-01', NULL, NULL, NULL, 1000000, NULL, NULL, NULL, NULL, 30, '-6.3500113413479', '106.97106000288', 'ID', '2011-02-24 00:00:00', '2011-02-24 00:00:00', 1, '2112345342', 0),
(344, 2, 'Subscriber 343', 'M', '1980-01-01', NULL, NULL, NULL, 1000000, NULL, NULL, NULL, NULL, 25, '0', '0', 'ID', '2011-02-24 00:00:00', '2011-02-24 00:00:00', 1, '2112345343', 0),
(345, 2, 'Subscriber 344', 'M', '1980-01-01', NULL, NULL, NULL, 1000000, NULL, NULL, NULL, NULL, 21, '0', '0', 'ID', '2011-02-24 00:00:00', '2011-02-24 00:00:00', 1, '2112345344', 0),
(346, 2, 'Subscriber 345', 'M', '1980-01-01', NULL, NULL, NULL, 1000000, NULL, NULL, NULL, NULL, 29, '0', '0', 'ID', '2011-02-24 00:00:00', '2011-02-24 00:00:00', 1, '2112345345', 0),
(347, 2, 'Subscriber 346', 'M', '1980-01-01', NULL, NULL, NULL, 1000000, NULL, NULL, NULL, NULL, 23, '0', '0', 'ID', '2011-02-24 00:00:00', '2011-02-24 00:00:00', 1, '2112345346', 0),
(348, 2, 'Subscriber 347', 'M', '1980-01-01', NULL, NULL, NULL, 1000000, NULL, NULL, NULL, NULL, 27, '-6.0495240646862', '106.74881663791', 'ID', '2011-02-24 00:00:00', '2011-02-24 00:00:00', 1, '2112345347', 0),
(349, 2, 'Subscriber 348', 'M', '1980-01-01', NULL, NULL, NULL, 1000000, NULL, NULL, NULL, NULL, 22, '0', '0', 'ID', '2011-02-24 00:00:00', '2011-02-24 00:00:00', 1, '2112345348', 0),
(350, 2, 'Subscriber 349', 'M', '1980-01-01', NULL, NULL, NULL, 1000000, NULL, NULL, NULL, NULL, 24, '0', '0', 'ID', '2011-02-24 00:00:00', '2011-02-24 00:00:00', 1, '2112345349', 0),
(351, 2, 'Subscriber 350', 'M', '1980-01-01', NULL, NULL, NULL, 1000000, NULL, NULL, NULL, NULL, 47, '0', '0', 'ID', '2011-02-24 00:00:00', '2011-02-24 00:00:00', 1, '2112345350', 0),
(352, 2, 'Subscriber 351', 'M', '1980-01-01', NULL, NULL, NULL, 1000000, NULL, NULL, NULL, NULL, 37, '0', '0', 'ID', '2011-02-24 00:00:00', '2011-02-24 00:00:00', 1, '2112345351', 0),
(353, 2, 'Subscriber 352', 'M', '1980-01-01', NULL, NULL, NULL, 1000000, NULL, NULL, NULL, NULL, 22, '0', '0', 'ID', '2011-02-24 00:00:00', '2011-02-24 00:00:00', 1, '2112345352', 0),
(354, 2, 'Subscriber 353', 'M', '1980-01-01', NULL, NULL, NULL, 1000000, NULL, NULL, NULL, NULL, 23, '0', '0', 'ID', '2011-02-24 00:00:00', '2011-02-24 00:00:00', 1, '2112345353', 0),
(355, 2, 'Subscriber 354', 'M', '1980-01-01', NULL, NULL, NULL, 1000000, NULL, NULL, NULL, NULL, 33, '0', '0', 'ID', '2011-02-24 00:00:00', '2011-02-24 00:00:00', 1, '2112345354', 0),
(356, 2, 'Subscriber 355', 'M', '1980-01-01', NULL, NULL, NULL, 1000000, NULL, NULL, NULL, NULL, 24, '0', '0', 'ID', '2011-02-24 00:00:00', '2011-02-24 00:00:00', 1, '2112345355', 0),
(357, 2, 'Subscriber 356', 'M', '1980-01-01', NULL, NULL, NULL, 1000000, NULL, NULL, NULL, NULL, 49, '0', '0', 'ID', '2011-02-24 00:00:00', '2011-02-24 00:00:00', 1, '2112345356', 0),
(358, 2, 'Subscriber 357', 'M', '1980-01-01', NULL, NULL, NULL, 1000000, NULL, NULL, NULL, NULL, 21, '0', '0', 'ID', '2011-02-24 00:00:00', '2011-02-24 00:00:00', 1, '2112345357', 0),
(359, 2, 'Subscriber 358', 'M', '1980-01-01', NULL, NULL, NULL, 1000000, NULL, NULL, NULL, NULL, 49, '-6.1596836949954', '107.02044413238', 'ID', '2011-02-24 00:00:00', '2011-02-24 00:00:00', 1, '2112345358', 0),
(360, 2, 'Subscriber 359', 'M', '1980-01-01', NULL, NULL, NULL, 1000000, NULL, NULL, NULL, NULL, 31, '0', '0', 'ID', '2011-02-24 00:00:00', '2011-02-24 00:00:00', 1, '2112345359', 0),
(361, 2, 'Subscriber 360', 'M', '1980-01-01', NULL, NULL, NULL, 1000000, NULL, NULL, NULL, NULL, 21, '0', '0', 'ID', '2011-02-24 00:00:00', '2011-02-24 00:00:00', 1, '2112345360', 0),
(362, 2, 'Subscriber 361', 'M', '1980-01-01', NULL, NULL, NULL, 1000000, NULL, NULL, NULL, NULL, 35, '-6.0573227198153', '106.79097559362', 'ID', '2011-02-24 00:00:00', '2011-02-24 00:00:00', 1, '2112345361', 0),
(363, 2, 'Subscriber 362', 'M', '1980-01-01', NULL, NULL, NULL, 1000000, NULL, NULL, NULL, NULL, 31, '0', '0', 'ID', '2011-02-24 00:00:00', '2011-02-24 00:00:00', 1, '2112345362', 0),
(364, 2, 'Subscriber 363', 'M', '1980-01-01', NULL, NULL, NULL, 1000000, NULL, NULL, NULL, NULL, 26, '0', '0', 'ID', '2011-02-24 00:00:00', '2011-02-24 00:00:00', 1, '2112345363', 0),
(365, 2, 'Subscriber 364', 'M', '1980-01-01', NULL, NULL, NULL, 1000000, NULL, NULL, NULL, NULL, 33, '-6.3207642680274', '106.9058009479', 'ID', '2011-02-24 00:00:00', '2011-02-24 00:00:00', 1, '2112345364', 0),
(366, 2, 'Subscriber 365', 'M', '1980-01-01', NULL, NULL, NULL, 1000000, NULL, NULL, NULL, NULL, 35, '0', '0', 'ID', '2011-02-24 00:00:00', '2011-02-24 00:00:00', 1, '2112345365', 0),
(367, 2, 'Subscriber 366', 'M', '1980-01-01', NULL, NULL, NULL, 1000000, NULL, NULL, NULL, NULL, 26, '0', '0', 'ID', '2011-02-24 00:00:00', '2011-02-24 00:00:00', 1, '2112345366', 0),
(368, 2, 'Subscriber 367', 'M', '1980-01-01', NULL, NULL, NULL, 1000000, NULL, NULL, NULL, NULL, 29, '0', '0', 'ID', '2011-02-24 00:00:00', '2011-02-24 00:00:00', 1, '2112345367', 0),
(369, 2, 'Subscriber 368', 'M', '1980-01-01', NULL, NULL, NULL, 1000000, NULL, NULL, NULL, NULL, 20, '0', '0', 'ID', '2011-02-24 00:00:00', '2011-02-24 00:00:00', 1, '2112345368', 0),
(370, 2, 'Subscriber 369', 'M', '1980-01-01', NULL, NULL, NULL, 1000000, NULL, NULL, NULL, NULL, 39, '-6.2466433129604', '106.84915604849', 'ID', '2011-02-24 00:00:00', '2011-02-24 00:00:00', 1, '2112345369', 0),
(371, 2, 'Subscriber 370', 'M', '1980-01-01', NULL, NULL, NULL, 1000000, NULL, NULL, NULL, NULL, 41, '0', '0', 'ID', '2011-02-24 00:00:00', '2011-02-24 00:00:00', 1, '2112345370', 0),
(372, 2, 'Subscriber 371', 'M', '1980-01-01', NULL, NULL, NULL, 1000000, NULL, NULL, NULL, NULL, 33, '0', '0', 'ID', '2011-02-24 00:00:00', '2011-02-24 00:00:00', 1, '2112345371', 0),
(373, 2, 'Subscriber 372', 'M', '1980-01-01', NULL, NULL, NULL, 1000000, NULL, NULL, NULL, NULL, 26, '0', '0', 'ID', '2011-02-24 00:00:00', '2011-02-24 00:00:00', 1, '2112345372', 0),
(374, 2, 'Subscriber 373', 'M', '1980-01-01', NULL, NULL, NULL, 1000000, NULL, NULL, NULL, NULL, 47, '0', '0', 'ID', '2011-02-24 00:00:00', '2011-02-24 00:00:00', 1, '2112345373', 0),
(375, 2, 'Subscriber 374', 'M', '1980-01-01', NULL, NULL, NULL, 1000000, NULL, NULL, NULL, NULL, 22, '0', '0', 'ID', '2011-02-24 00:00:00', '2011-02-24 00:00:00', 1, '2112345374', 0),
(376, 2, 'Subscriber 375', 'M', '1980-01-01', NULL, NULL, NULL, 1000000, NULL, NULL, NULL, NULL, 33, '0', '0', 'ID', '2011-02-24 00:00:00', '2011-02-24 00:00:00', 1, '2112345375', 0),
(377, 2, 'Subscriber 376', 'M', '1980-01-01', NULL, NULL, NULL, 1000000, NULL, NULL, NULL, NULL, 19, '0', '0', 'ID', '2011-02-24 00:00:00', '2011-02-24 00:00:00', 1, '2112345376', 0),
(378, 2, 'Subscriber 377', 'M', '1980-01-01', NULL, NULL, NULL, 1000000, NULL, NULL, NULL, NULL, 37, '0', '0', 'ID', '2011-02-24 00:00:00', '2011-02-24 00:00:00', 1, '2112345377', 0),
(379, 2, 'Subscriber 378', 'M', '1980-01-01', NULL, NULL, NULL, 1000000, NULL, NULL, NULL, NULL, 37, '0', '0', 'ID', '2011-02-24 00:00:00', '2011-02-24 00:00:00', 1, '2112345378', 0),
(380, 2, 'Subscriber 379', 'M', '1980-01-01', NULL, NULL, NULL, 1000000, NULL, NULL, NULL, NULL, 22, '0', '0', 'ID', '2011-02-24 00:00:00', '2011-02-24 00:00:00', 1, '2112345379', 0),
(381, 2, 'Subscriber 380', 'M', '1980-01-01', NULL, NULL, NULL, 1000000, NULL, NULL, NULL, NULL, 41, '0', '0', 'ID', '2011-02-24 00:00:00', '2011-02-24 00:00:00', 1, '2112345380', 0),
(382, 2, 'Subscriber 381', 'M', '1980-01-01', NULL, NULL, NULL, 1000000, NULL, NULL, NULL, NULL, 47, '0', '0', 'ID', '2011-02-24 00:00:00', '2011-02-24 00:00:00', 1, '2112345381', 0),
(383, 2, 'Subscriber 382', 'M', '1980-01-01', NULL, NULL, NULL, 1000000, NULL, NULL, NULL, NULL, 31, '0', '0', 'ID', '2011-02-24 00:00:00', '2011-02-24 00:00:00', 1, '2112345382', 0),
(384, 2, 'Subscriber 383', 'M', '1980-01-01', NULL, NULL, NULL, 1000000, NULL, NULL, NULL, NULL, 47, '0', '0', 'ID', '2011-02-24 00:00:00', '2011-02-24 00:00:00', 1, '2112345383', 0),
(385, 2, 'Subscriber 384', 'M', '1980-01-01', NULL, NULL, NULL, 1000000, NULL, NULL, NULL, NULL, 49, '0', '0', 'ID', '2011-02-24 00:00:00', '2011-02-24 00:00:00', 1, '2112345384', 0),
(386, 2, 'Subscriber 385', 'M', '1980-01-01', NULL, NULL, NULL, 1000000, NULL, NULL, NULL, NULL, 28, '0', '0', 'ID', '2011-02-24 00:00:00', '2011-02-24 00:00:00', 1, '2112345385', 0),
(387, 2, 'Subscriber 386', 'M', '1980-01-01', NULL, NULL, NULL, 1000000, NULL, NULL, NULL, NULL, 21, '0', '0', 'ID', '2011-02-24 00:00:00', '2011-02-24 00:00:00', 1, '2112345386', 0),
(388, 2, 'Subscriber 387', 'M', '1980-01-01', NULL, NULL, NULL, 1000000, NULL, NULL, NULL, NULL, 49, '0', '0', 'ID', '2011-02-24 00:00:00', '2011-02-24 00:00:00', 1, '2112345387', 0),
(389, 2, 'Subscriber 388', 'M', '1980-01-01', NULL, NULL, NULL, 1000000, NULL, NULL, NULL, NULL, 32, '0', '0', 'ID', '2011-02-24 00:00:00', '2011-02-24 00:00:00', 1, '2112345388', 0),
(390, 2, 'Subscriber 389', 'M', '1980-01-01', NULL, NULL, NULL, 1000000, NULL, NULL, NULL, NULL, 47, '0', '0', 'ID', '2011-02-24 00:00:00', '2011-02-24 00:00:00', 1, '2112345389', 0),
(391, 2, 'Subscriber 390', 'M', '1980-01-01', NULL, NULL, NULL, 1000000, NULL, NULL, NULL, NULL, 26, '0', '0', 'ID', '2011-02-24 00:00:00', '2011-02-24 00:00:00', 1, '2112345390', 0),
(392, 2, 'Subscriber 391', 'M', '1980-01-01', NULL, NULL, NULL, 1000000, NULL, NULL, NULL, NULL, 33, '-6.0637611417182', '106.72774740598', 'ID', '2011-02-24 00:00:00', '2011-02-24 00:00:00', 1, '2112345391', 0),
(393, 2, 'Subscriber 392', 'M', '1980-01-01', NULL, NULL, NULL, 1000000, NULL, NULL, NULL, NULL, 37, '0', '0', 'ID', '2011-02-24 00:00:00', '2011-02-24 00:00:00', 1, '2112345392', 0),
(394, 2, 'Subscriber 393', 'M', '1980-01-01', NULL, NULL, NULL, 1000000, NULL, NULL, NULL, NULL, 47, '0', '0', 'ID', '2011-02-24 00:00:00', '2011-02-24 00:00:00', 1, '2112345393', 0),
(395, 2, 'Subscriber 394', 'M', '1980-01-01', NULL, NULL, NULL, 1000000, NULL, NULL, NULL, NULL, 49, '-6.1639816696166', '107.01465525151', 'ID', '2011-02-24 00:00:00', '2011-02-24 00:00:00', 1, '2112345394', 0),
(396, 2, 'Subscriber 395', 'M', '1980-01-01', NULL, NULL, NULL, 1000000, NULL, NULL, NULL, NULL, 39, '0', '0', 'ID', '2011-02-24 00:00:00', '2011-02-24 00:00:00', 1, '2112345395', 0),
(397, 2, 'Subscriber 396', 'M', '1980-01-01', NULL, NULL, NULL, 1000000, NULL, NULL, NULL, NULL, 23, '0', '0', 'ID', '2011-02-24 00:00:00', '2011-02-24 00:00:00', 1, '2112345396', 0),
(398, 2, 'Subscriber 397', 'M', '1980-01-01', NULL, NULL, NULL, 1000000, NULL, NULL, NULL, NULL, 23, '0', '0', 'ID', '2011-02-24 00:00:00', '2011-02-24 00:00:00', 1, '2112345397', 0),
(399, 2, 'Subscriber 398', 'M', '1980-01-01', NULL, NULL, NULL, 1000000, NULL, NULL, NULL, NULL, 33, '0', '0', 'ID', '2011-02-24 00:00:00', '2011-02-24 00:00:00', 1, '2112345398', 0),
(400, 2, 'Subscriber 399', 'M', '1980-01-01', NULL, NULL, NULL, 1000000, NULL, NULL, NULL, NULL, 28, '-6.3600531329558', '106.83176270995', 'ID', '2011-02-24 00:00:00', '2011-02-24 00:00:00', 1, '2112345399', 0),
(401, 2, 'Subscriber 400', 'M', '1980-01-01', NULL, NULL, NULL, 1000000, NULL, NULL, NULL, NULL, 33, '-6.0870096045481', '106.74490313264', 'ID', '2011-02-24 00:00:00', '2011-02-24 00:00:00', 1, '2112345400', 0),
(402, 2, 'Subscriber 401', 'M', '1980-01-01', NULL, NULL, NULL, 1000000, NULL, NULL, NULL, NULL, 37, '0', '0', 'ID', '2011-02-24 00:00:00', '2011-02-24 00:00:00', 1, '2112345401', 0),
(403, 2, 'Subscriber 402', 'M', '1980-01-01', NULL, NULL, NULL, 1000000, NULL, NULL, NULL, NULL, 22, '-6.030034097201', '106.70058644198', 'ID', '2011-02-24 00:00:00', '2011-02-24 00:00:00', 1, '2112345402', 0),
(404, 2, 'Subscriber 403', 'M', '1980-01-01', NULL, NULL, NULL, 1000000, NULL, NULL, NULL, NULL, 19, '0', '0', 'ID', '2011-02-24 00:00:00', '2011-02-24 00:00:00', 1, '2112345403', 0),
(405, 2, 'Subscriber 404', 'M', '1980-01-01', NULL, NULL, NULL, 1000000, NULL, NULL, NULL, NULL, 47, '0', '0', 'ID', '2011-02-24 00:00:00', '2011-02-24 00:00:00', 1, '2112345404', 0),
(406, 2, 'Subscriber 405', 'M', '1980-01-01', NULL, NULL, NULL, 1000000, NULL, NULL, NULL, NULL, 27, '0', '0', 'ID', '2011-02-24 00:00:00', '2011-02-24 00:00:00', 1, '2112345405', 0),
(407, 2, 'Subscriber 406', 'M', '1980-01-01', NULL, NULL, NULL, 1000000, NULL, NULL, NULL, NULL, 27, '0', '0', 'ID', '2011-02-24 00:00:00', '2011-02-24 00:00:00', 1, '2112345406', 0),
(408, 2, 'Subscriber 407', 'M', '1980-01-01', NULL, NULL, NULL, 1000000, NULL, NULL, NULL, NULL, 29, '0', '0', 'ID', '2011-02-24 00:00:00', '2011-02-24 00:00:00', 1, '2112345407', 0),
(409, 2, 'Subscriber 408', 'M', '1980-01-01', NULL, NULL, NULL, 1000000, NULL, NULL, NULL, NULL, 28, '0', '0', 'ID', '2011-02-24 00:00:00', '2011-02-24 00:00:00', 1, '2112345408', 0),
(410, 2, 'Subscriber 409', 'M', '1980-01-01', NULL, NULL, NULL, 1000000, NULL, NULL, NULL, NULL, 32, '0', '0', 'ID', '2011-02-24 00:00:00', '2011-02-24 00:00:00', 1, '2112345409', 0),
(411, 2, 'Subscriber 410', 'M', '1980-01-01', NULL, NULL, NULL, 1000000, NULL, NULL, NULL, NULL, 49, '0', '0', 'ID', '2011-02-24 00:00:00', '2011-02-24 00:00:00', 1, '2112345410', 0),
(412, 2, 'Subscriber 411', 'M', '1980-01-01', NULL, NULL, NULL, 1000000, NULL, NULL, NULL, NULL, 29, '0', '0', 'ID', '2011-02-24 00:00:00', '2011-02-24 00:00:00', 1, '2112345411', 0),
(413, 2, 'Subscriber 412', 'M', '1980-01-01', NULL, NULL, NULL, 1000000, NULL, NULL, NULL, NULL, 25, '0', '0', 'ID', '2011-02-24 00:00:00', '2011-02-24 00:00:00', 1, '2112345412', 0),
(414, 2, 'Subscriber 413', 'M', '1980-01-01', NULL, NULL, NULL, 1000000, NULL, NULL, NULL, NULL, 24, '0', '0', 'ID', '2011-02-24 00:00:00', '2011-02-24 00:00:00', 1, '2112345413', 0),
(415, 2, 'Subscriber 414', 'M', '1980-01-01', NULL, NULL, NULL, 1000000, NULL, NULL, NULL, NULL, 32, '0', '0', 'ID', '2011-02-24 00:00:00', '2011-02-24 00:00:00', 1, '2112345414', 0),
(416, 2, 'Subscriber 415', 'M', '1980-01-01', NULL, NULL, NULL, 1000000, NULL, NULL, NULL, NULL, 35, '0', '0', 'ID', '2011-02-24 00:00:00', '2011-02-24 00:00:00', 1, '2112345415', 0),
(417, 2, 'Subscriber 416', 'M', '1980-01-01', NULL, NULL, NULL, 1000000, NULL, NULL, NULL, NULL, 22, '0', '0', 'ID', '2011-02-24 00:00:00', '2011-02-24 00:00:00', 1, '2112345416', 0),
(418, 2, 'Subscriber 417', 'M', '1980-01-01', NULL, NULL, NULL, 1000000, NULL, NULL, NULL, NULL, 20, '0', '0', 'ID', '2011-02-24 00:00:00', '2011-02-24 00:00:00', 1, '2112345417', 0),
(419, 2, 'Subscriber 418', 'M', '1980-01-01', NULL, NULL, NULL, 1000000, NULL, NULL, NULL, NULL, 20, '0', '0', 'ID', '2011-02-24 00:00:00', '2011-02-24 00:00:00', 1, '2112345418', 0),
(420, 2, 'Subscriber 419', 'M', '1980-01-01', NULL, NULL, NULL, 1000000, NULL, NULL, NULL, NULL, 20, '0', '0', 'ID', '2011-02-24 00:00:00', '2011-02-24 00:00:00', 1, '2112345419', 0),
(421, 2, 'Subscriber 420', 'M', '1980-01-01', NULL, NULL, NULL, 1000000, NULL, NULL, NULL, NULL, 37, '-6.2652423542308', '106.62192210811', 'ID', '2011-02-24 00:00:00', '2011-02-24 00:00:00', 1, '2112345420', 0),
(422, 2, 'Subscriber 421', 'M', '1980-01-01', NULL, NULL, NULL, 1000000, NULL, NULL, NULL, NULL, 39, '0', '0', 'ID', '2011-02-24 00:00:00', '2011-02-24 00:00:00', 1, '2112345421', 0),
(423, 2, 'Subscriber 422', 'M', '1980-01-01', NULL, NULL, NULL, 1000000, NULL, NULL, NULL, NULL, 24, '0', '0', 'ID', '2011-02-24 00:00:00', '2011-02-24 00:00:00', 1, '2112345422', 0),
(424, 2, 'Subscriber 423', 'M', '1980-01-01', NULL, NULL, NULL, 1000000, NULL, NULL, NULL, NULL, 23, '0', '0', 'ID', '2011-02-24 00:00:00', '2011-02-24 00:00:00', 1, '2112345423', 0),
(425, 2, 'Subscriber 424', 'M', '1980-01-01', NULL, NULL, NULL, 1000000, NULL, NULL, NULL, NULL, 49, '0', '0', 'ID', '2011-02-24 00:00:00', '2011-02-24 00:00:00', 1, '2112345424', 0),
(426, 2, 'Subscriber 425', 'M', '1980-01-01', NULL, NULL, NULL, 1000000, NULL, NULL, NULL, NULL, 25, '-6.2372426258341', '106.79817703584', 'ID', '2011-02-24 00:00:00', '2011-02-24 00:00:00', 1, '2112345425', 0),
(427, 2, 'Subscriber 426', 'M', '1980-01-01', NULL, NULL, NULL, 1000000, NULL, NULL, NULL, NULL, 47, '-6.3069548205979', '106.85959832327', 'ID', '2011-02-24 00:00:00', '2011-02-24 00:00:00', 1, '2112345426', 0),
(428, 2, 'Subscriber 427', 'M', '1980-01-01', NULL, NULL, NULL, 1000000, NULL, NULL, NULL, NULL, 49, '0', '0', 'ID', '2011-02-24 00:00:00', '2011-02-24 00:00:00', 1, '2112345427', 0),
(429, 2, 'Subscriber 428', 'M', '1980-01-01', NULL, NULL, NULL, 1000000, NULL, NULL, NULL, NULL, 25, '-6.3301627056484', '106.64497410123', 'ID', '2011-02-24 00:00:00', '2011-02-24 00:00:00', 1, '2112345428', 0),
(430, 2, 'Subscriber 429', 'M', '1980-01-01', NULL, NULL, NULL, 1000000, NULL, NULL, NULL, NULL, 23, '0', '0', 'ID', '2011-02-24 00:00:00', '2011-02-24 00:00:00', 1, '2112345429', 0),
(431, 2, 'Subscriber 430', 'M', '1980-01-01', NULL, NULL, NULL, 1000000, NULL, NULL, NULL, NULL, 28, '0', '0', 'ID', '2011-02-24 00:00:00', '2011-02-24 00:00:00', 1, '2112345430', 0),
(432, 2, 'Subscriber 431', 'M', '1980-01-01', NULL, NULL, NULL, 1000000, NULL, NULL, NULL, NULL, 49, '0', '0', 'ID', '2011-02-24 00:00:00', '2011-02-24 00:00:00', 1, '2112345431', 0),
(433, 2, 'Subscriber 432', 'M', '1980-01-01', NULL, NULL, NULL, 1000000, NULL, NULL, NULL, NULL, 33, '0', '0', 'ID', '2011-02-24 00:00:00', '2011-02-24 00:00:00', 1, '2112345432', 0),
(434, 2, 'Subscriber 433', 'M', '1980-01-01', NULL, NULL, NULL, 1000000, NULL, NULL, NULL, NULL, 24, '0', '0', 'ID', '2011-02-24 00:00:00', '2011-02-24 00:00:00', 1, '2112345433', 0),
(435, 2, 'Subscriber 434', 'M', '1980-01-01', NULL, NULL, NULL, 1000000, NULL, NULL, NULL, NULL, 49, '-6.2441421287159', '106.97178914596', 'ID', '2011-02-24 00:00:00', '2011-02-24 00:00:00', 1, '2112345434', 0),
(436, 2, 'Subscriber 435', 'M', '1980-01-01', NULL, NULL, NULL, 1000000, NULL, NULL, NULL, NULL, 41, '-6.1289592597495', '106.88211675728', 'ID', '2011-02-24 00:00:00', '2011-02-24 00:00:00', 1, '2112345435', 0),
(437, 2, 'Subscriber 436', 'M', '1980-01-01', NULL, NULL, NULL, 1000000, NULL, NULL, NULL, NULL, 35, '-6.2983256736161', '106.80675716663', 'ID', '2011-02-24 00:00:00', '2011-02-24 00:00:00', 1, '2112345436', 0),
(438, 2, 'Subscriber 437', 'M', '1980-01-01', NULL, NULL, NULL, 1000000, NULL, NULL, NULL, NULL, 24, '0', '0', 'ID', '2011-02-24 00:00:00', '2011-02-24 00:00:00', 1, '2112345437', 0),
(439, 2, 'Subscriber 438', 'M', '1980-01-01', NULL, NULL, NULL, 1000000, NULL, NULL, NULL, NULL, 19, '0', '0', 'ID', '2011-02-24 00:00:00', '2011-02-24 00:00:00', 1, '2112345438', 0),
(440, 2, 'Subscriber 439', 'M', '1980-01-01', NULL, NULL, NULL, 1000000, NULL, NULL, NULL, NULL, 38, '0', '0', 'ID', '2011-02-24 00:00:00', '2011-02-24 00:00:00', 1, '2112345439', 0),
(441, 2, 'Subscriber 440', 'M', '1980-01-01', NULL, NULL, NULL, 1000000, NULL, NULL, NULL, NULL, 25, '-6.1930070026956', '106.80922769641', 'ID', '2011-02-24 00:00:00', '2011-02-24 00:00:00', 1, '2112345440', 0),
(442, 2, 'Subscriber 441', 'M', '1980-01-01', NULL, NULL, NULL, 1000000, NULL, NULL, NULL, NULL, 49, '0', '0', 'ID', '2011-02-24 00:00:00', '2011-02-24 00:00:00', 1, '2112345441', 0),
(443, 2, 'Subscriber 442', 'M', '1980-01-01', NULL, NULL, NULL, 1000000, NULL, NULL, NULL, NULL, 30, '0', '0', 'ID', '2011-02-24 00:00:00', '2011-02-24 00:00:00', 1, '2112345442', 0),
(444, 2, 'Subscriber 443', 'M', '1980-01-01', NULL, NULL, NULL, 1000000, NULL, NULL, NULL, NULL, 23, '0', '0', 'ID', '2011-02-24 00:00:00', '2011-02-24 00:00:00', 1, '2112345443', 0),
(445, 2, 'Subscriber 444', 'M', '1980-01-01', NULL, NULL, NULL, 1000000, NULL, NULL, NULL, NULL, 21, '0', '0', 'ID', '2011-02-24 00:00:00', '2011-02-24 00:00:00', 1, '2112345444', 0),
(446, 2, 'Subscriber 445', 'M', '1980-01-01', NULL, NULL, NULL, 1000000, NULL, NULL, NULL, NULL, 47, '-6.2241479447498', '107.01323702722', 'ID', '2011-02-24 00:00:00', '2011-02-24 00:00:00', 1, '2112345445', 0),
(447, 2, 'Subscriber 446', 'M', '1980-01-01', NULL, NULL, NULL, 1000000, NULL, NULL, NULL, NULL, 21, '0', '0', 'ID', '2011-02-24 00:00:00', '2011-02-24 00:00:00', 1, '2112345446', 0),
(448, 2, 'Subscriber 447', 'M', '1980-01-01', NULL, NULL, NULL, 1000000, NULL, NULL, NULL, NULL, 41, '0', '0', 'ID', '2011-02-24 00:00:00', '2011-02-24 00:00:00', 1, '2112345447', 0),
(449, 2, 'Subscriber 448', 'M', '1980-01-01', NULL, NULL, NULL, 1000000, NULL, NULL, NULL, NULL, 41, '0', '0', 'ID', '2011-02-24 00:00:00', '2011-02-24 00:00:00', 1, '2112345448', 0),
(450, 2, 'Subscriber 449', 'M', '1980-01-01', NULL, NULL, NULL, 1000000, NULL, NULL, NULL, NULL, 25, '0', '0', 'ID', '2011-02-24 00:00:00', '2011-02-24 00:00:00', 1, '2112345449', 0),
(451, 2, 'Subscriber 450', 'M', '1980-01-01', NULL, NULL, NULL, 1000000, NULL, NULL, NULL, NULL, 32, '0', '0', 'ID', '2011-02-24 00:00:00', '2011-02-24 00:00:00', 1, '2112345450', 0),
(452, 2, 'Subscriber 451', 'M', '1980-01-01', NULL, NULL, NULL, 1000000, NULL, NULL, NULL, NULL, 35, '-6.2818330322033', '106.68235324933', 'ID', '2011-02-24 00:00:00', '2011-02-24 00:00:00', 1, '2112345451', 0),
(453, 2, 'Subscriber 452', 'M', '1980-01-01', NULL, NULL, NULL, 1000000, NULL, NULL, NULL, NULL, 30, '0', '0', 'ID', '2011-02-24 00:00:00', '2011-02-24 00:00:00', 1, '2112345452', 0),
(454, 2, 'Subscriber 453', 'M', '1980-01-01', NULL, NULL, NULL, 1000000, NULL, NULL, NULL, NULL, 30, '-6.3332167284658', '106.76472906194', 'ID', '2011-02-24 00:00:00', '2011-02-24 00:00:00', 1, '2112345453', 0),
(455, 2, 'Subscriber 454', 'M', '1980-01-01', NULL, NULL, NULL, 1000000, NULL, NULL, NULL, NULL, 34, '0', '0', 'ID', '2011-02-24 00:00:00', '2011-02-24 00:00:00', 1, '2112345454', 0),
(456, 2, 'Subscriber 455', 'M', '1980-01-01', NULL, NULL, NULL, 1000000, NULL, NULL, NULL, NULL, 25, '0', '0', 'ID', '2011-02-24 00:00:00', '2011-02-24 00:00:00', 1, '2112345455', 0),
(457, 2, 'Subscriber 456', 'M', '1980-01-01', NULL, NULL, NULL, 1000000, NULL, NULL, NULL, NULL, 31, '0', '0', 'ID', '2011-02-24 00:00:00', '2011-02-24 00:00:00', 1, '2112345456', 0),
(458, 2, 'Subscriber 457', 'M', '1980-01-01', NULL, NULL, NULL, 1000000, NULL, NULL, NULL, NULL, 27, '0', '0', 'ID', '2011-02-24 00:00:00', '2011-02-24 00:00:00', 1, '2112345457', 0),
(459, 2, 'Subscriber 458', 'M', '1980-01-01', NULL, NULL, NULL, 1000000, NULL, NULL, NULL, NULL, 21, '0', '0', 'ID', '2011-02-24 00:00:00', '2011-02-24 00:00:00', 1, '2112345458', 0),
(460, 2, 'Subscriber 459', 'M', '1980-01-01', NULL, NULL, NULL, 1000000, NULL, NULL, NULL, NULL, 28, '0', '0', 'ID', '2011-02-24 00:00:00', '2011-02-24 00:00:00', 1, '2112345459', 0),
(461, 2, 'Subscriber 460', 'M', '1980-01-01', NULL, NULL, NULL, 1000000, NULL, NULL, NULL, NULL, 38, '0', '0', 'ID', '2011-02-24 00:00:00', '2011-02-24 00:00:00', 1, '2112345460', 0),
(462, 2, 'Subscriber 461', 'M', '1980-01-01', NULL, NULL, NULL, 1000000, NULL, NULL, NULL, NULL, 35, '0', '0', 'ID', '2011-02-24 00:00:00', '2011-02-24 00:00:00', 1, '2112345461', 0),
(463, 2, 'Subscriber 462', 'M', '1980-01-01', NULL, NULL, NULL, 1000000, NULL, NULL, NULL, NULL, 35, '0', '0', 'ID', '2011-02-24 00:00:00', '2011-02-24 00:00:00', 1, '2112345462', 0),
(464, 2, 'Subscriber 463', 'M', '1980-01-01', NULL, NULL, NULL, 1000000, NULL, NULL, NULL, NULL, 39, '0', '0', 'ID', '2011-02-24 00:00:00', '2011-02-24 00:00:00', 1, '2112345463', 0),
(465, 2, 'Subscriber 464', 'M', '1980-01-01', NULL, NULL, NULL, 1000000, NULL, NULL, NULL, NULL, 21, '0', '0', 'ID', '2011-02-24 00:00:00', '2011-02-24 00:00:00', 1, '2112345464', 0),
(466, 2, 'Subscriber 465', 'M', '1980-01-01', NULL, NULL, NULL, 1000000, NULL, NULL, NULL, NULL, 22, '0', '0', 'ID', '2011-02-24 00:00:00', '2011-02-24 00:00:00', 1, '2112345465', 0),
(467, 2, 'Subscriber 466', 'M', '1980-01-01', NULL, NULL, NULL, 1000000, NULL, NULL, NULL, NULL, 21, '0', '0', 'ID', '2011-02-24 00:00:00', '2011-02-24 00:00:00', 1, '2112345466', 0),
(468, 2, 'Subscriber 467', 'M', '1980-01-01', NULL, NULL, NULL, 1000000, NULL, NULL, NULL, NULL, 27, '-6.2792112643357', '106.70830177106', 'ID', '2011-02-24 00:00:00', '2011-02-24 00:00:00', 1, '2112345467', 0),
(469, 2, 'Subscriber 468', 'M', '1980-01-01', NULL, NULL, NULL, 1000000, NULL, NULL, NULL, NULL, 22, '0', '0', 'ID', '2011-02-24 00:00:00', '2011-02-24 00:00:00', 1, '2112345468', 0),
(470, 2, 'Subscriber 469', 'M', '1980-01-01', NULL, NULL, NULL, 1000000, NULL, NULL, NULL, NULL, 33, '-6.0558019859275', '106.63237630758', 'ID', '2011-02-24 00:00:00', '2011-02-24 00:00:00', 1, '2112345469', 0),
(471, 2, 'Subscriber 470', 'M', '1980-01-01', NULL, NULL, NULL, 1000000, NULL, NULL, NULL, NULL, 23, '0', '0', 'ID', '2011-02-24 00:00:00', '2011-02-24 00:00:00', 1, '2112345470', 0),
(472, 2, 'Subscriber 471', 'M', '1980-01-01', NULL, NULL, NULL, 1000000, NULL, NULL, NULL, NULL, 34, '0', '0', 'ID', '2011-02-24 00:00:00', '2011-02-24 00:00:00', 1, '2112345471', 0),
(473, 2, 'Subscriber 472', 'M', '1980-01-01', NULL, NULL, NULL, 1000000, NULL, NULL, NULL, NULL, 35, '0', '0', 'ID', '2011-02-24 00:00:00', '2011-02-24 00:00:00', 1, '2112345472', 0),
(474, 2, 'Subscriber 473', 'M', '1980-01-01', NULL, NULL, NULL, 1000000, NULL, NULL, NULL, NULL, 35, '0', '0', 'ID', '2011-02-24 00:00:00', '2011-02-24 00:00:00', 1, '2112345473', 0),
(475, 2, 'Subscriber 474', 'M', '1980-01-01', NULL, NULL, NULL, 1000000, NULL, NULL, NULL, NULL, 33, '0', '0', 'ID', '2011-02-24 00:00:00', '2011-02-24 00:00:00', 1, '2112345474', 0),
(476, 2, 'Subscriber 475', 'M', '1980-01-01', NULL, NULL, NULL, 1000000, NULL, NULL, NULL, NULL, 30, '0', '0', 'ID', '2011-02-24 00:00:00', '2011-02-24 00:00:00', 1, '2112345475', 0),
(477, 2, 'Subscriber 476', 'M', '1980-01-01', NULL, NULL, NULL, 1000000, NULL, NULL, NULL, NULL, 29, '0', '0', 'ID', '2011-02-24 00:00:00', '2011-02-24 00:00:00', 1, '2112345476', 0),
(478, 2, 'Subscriber 477', 'M', '1980-01-01', NULL, NULL, NULL, 1000000, NULL, NULL, NULL, NULL, 24, '-6.1004152575304', '106.63186393018', 'ID', '2011-02-24 00:00:00', '2011-02-24 00:00:00', 1, '2112345477', 0),
(479, 2, 'Subscriber 478', 'M', '1980-01-01', NULL, NULL, NULL, 1000000, NULL, NULL, NULL, NULL, 22, '0', '0', 'ID', '2011-02-24 00:00:00', '2011-02-24 00:00:00', 1, '2112345478', 0),
(480, 2, 'Subscriber 479', 'M', '1980-01-01', NULL, NULL, NULL, 1000000, NULL, NULL, NULL, NULL, 34, '-6.0221682455492', '106.61512779035', 'ID', '2011-02-24 00:00:00', '2011-02-24 00:00:00', 1, '2112345479', 0),
(481, 2, 'Subscriber 480', 'M', '1980-01-01', NULL, NULL, NULL, 1000000, NULL, NULL, NULL, NULL, 23, '-6.0780924653599', '106.62339215273', 'ID', '2011-02-24 00:00:00', '2011-02-24 00:00:00', 1, '2112345480', 0),
(482, 2, 'Subscriber 481', 'M', '1980-01-01', NULL, NULL, NULL, 1000000, NULL, NULL, NULL, NULL, 41, '-6.1161363106397', '106.99063227922', 'ID', '2011-02-24 00:00:00', '2011-02-24 00:00:00', 1, '2112345481', 0),
(483, 2, 'Subscriber 482', 'M', '1980-01-01', NULL, NULL, NULL, 1000000, NULL, NULL, NULL, NULL, 32, '0', '0', 'ID', '2011-02-24 00:00:00', '2011-02-24 00:00:00', 1, '2112345482', 0),
(484, 2, 'Subscriber 483', 'M', '1980-01-01', NULL, NULL, NULL, 1000000, NULL, NULL, NULL, NULL, 39, '0', '0', 'ID', '2011-02-24 00:00:00', '2011-02-24 00:00:00', 1, '2112345483', 0),
(485, 2, 'Subscriber 484', 'M', '1980-01-01', NULL, NULL, NULL, 1000000, NULL, NULL, NULL, NULL, 35, '0', '0', 'ID', '2011-02-24 00:00:00', '2011-02-24 00:00:00', 1, '2112345484', 0),
(486, 2, 'Subscriber 485', 'M', '1980-01-01', NULL, NULL, NULL, 1000000, NULL, NULL, NULL, NULL, 33, '0', '0', 'ID', '2011-02-24 00:00:00', '2011-02-24 00:00:00', 1, '2112345485', 0),
(487, 2, 'Subscriber 486', 'M', '1980-01-01', NULL, NULL, NULL, 1000000, NULL, NULL, NULL, NULL, 32, '0', '0', 'ID', '2011-02-24 00:00:00', '2011-02-24 00:00:00', 1, '2112345486', 0),
(488, 2, 'Subscriber 487', 'M', '1980-01-01', NULL, NULL, NULL, 1000000, NULL, NULL, NULL, NULL, 39, '0', '0', 'ID', '2011-02-24 00:00:00', '2011-02-24 00:00:00', 1, '2112345487', 0),
(489, 2, 'Subscriber 488', 'M', '1980-01-01', NULL, NULL, NULL, 1000000, NULL, NULL, NULL, NULL, 35, '0', '0', 'ID', '2011-02-24 00:00:00', '2011-02-24 00:00:00', 1, '2112345488', 0),
(490, 2, 'Subscriber 489', 'M', '1980-01-01', NULL, NULL, NULL, 1000000, NULL, NULL, NULL, NULL, 49, '-6.2165557674841', '106.88708766966', 'ID', '2011-02-24 00:00:00', '2011-02-24 00:00:00', 1, '2112345489', 0),
(491, 2, 'Subscriber 490', 'M', '1980-01-01', NULL, NULL, NULL, 1000000, NULL, NULL, NULL, NULL, 47, '0', '0', 'ID', '2011-02-24 00:00:00', '2011-02-24 00:00:00', 1, '2112345490', 0),
(492, 2, 'Subscriber 491', 'M', '1980-01-01', NULL, NULL, NULL, 1000000, NULL, NULL, NULL, NULL, 29, '0', '0', 'ID', '2011-02-24 00:00:00', '2011-02-24 00:00:00', 1, '2112345491', 0),
(493, 2, 'Subscriber 492', 'M', '1980-01-01', NULL, NULL, NULL, 1000000, NULL, NULL, NULL, NULL, 49, '-6.1589194995745', '106.76663747458', 'ID', '2011-02-24 00:00:00', '2011-02-24 00:00:00', 1, '2112345492', 0),
(494, 2, 'Subscriber 493', 'M', '1980-01-01', NULL, NULL, NULL, 1000000, NULL, NULL, NULL, NULL, 34, '0', '0', 'ID', '2011-02-24 00:00:00', '2011-02-24 00:00:00', 1, '2112345493', 0),
(495, 2, 'Subscriber 494', 'M', '1980-01-01', NULL, NULL, NULL, 1000000, NULL, NULL, NULL, NULL, 30, '0', '0', 'ID', '2011-02-24 00:00:00', '2011-02-24 00:00:00', 1, '2112345494', 0),
(496, 2, 'Subscriber 495', 'M', '1980-01-01', NULL, NULL, NULL, 1000000, NULL, NULL, NULL, NULL, 26, '-6.2082594225374', '107.02007332543', 'ID', '2011-02-24 00:00:00', '2011-02-24 00:00:00', 1, '2112345495', 0),
(497, 2, 'Subscriber 496', 'M', '1980-01-01', NULL, NULL, NULL, 1000000, NULL, NULL, NULL, NULL, 22, '0', '0', 'ID', '2011-02-24 00:00:00', '2011-02-24 00:00:00', 1, '2112345496', 0),
(498, 2, 'Subscriber 497', 'M', '1980-01-01', NULL, NULL, NULL, 1000000, NULL, NULL, NULL, NULL, 33, '0', '0', 'ID', '2011-02-24 00:00:00', '2011-02-24 00:00:00', 1, '2112345497', 0),
(499, 2, 'Subscriber 498', 'M', '1980-01-01', NULL, NULL, NULL, 1000000, NULL, NULL, NULL, NULL, 39, '0', '0', 'ID', '2011-02-24 00:00:00', '2011-02-24 00:00:00', 1, '2112345498', 0),
(500, 2, 'Subscriber 499', 'M', '1980-01-01', NULL, NULL, NULL, 1000000, NULL, NULL, NULL, NULL, 24, '0', '0', 'ID', '2011-02-24 00:00:00', '2011-02-24 00:00:00', 1, '2112345499', 0),
(501, 2, 'Subscriber 500', 'M', '1980-01-01', NULL, NULL, NULL, 1000000, NULL, NULL, NULL, NULL, 21, '-6.2824928350446', '106.81820555396', 'ID', '2011-02-24 00:00:00', '2011-02-24 00:00:00', 1, '2112345500', 0),
(510, 0, '-', 'M', '0000-00-00', '-', '-', 4, 0, '-', '-', '-', '-', 0, '', '', 'ID', '2011-03-22 11:19:05', '2011-03-22 11:19:05', 1, '-', NULL),
(509, 2, 'qwer asdf+zxcv', 'M', '1978-11-13', '', '', 5, 0, '', '', '', '', 0, '', '', 'ID', '2011-03-14 17:20:12', '2011-03-14 17:20:12', 2, '123', NULL);

-- --------------------------------------------------------

--
-- Table structure for table `themes`
--

CREATE TABLE IF NOT EXISTS `themes` (
  `id` int(10) unsigned NOT NULL AUTO_INCREMENT,
  `name` varchar(100) NOT NULL,
  `date_add` date NOT NULL,
  `date_update` date NOT NULL,
  `creator` varchar(100) NOT NULL,
  `folder` varchar(100) NOT NULL,
  `is_active` tinyint(1) NOT NULL,
  `is_current` tinyint(1) NOT NULL,
  PRIMARY KEY (`id`)
) ENGINE=MyISAM  DEFAULT CHARSET=latin1 AUTO_INCREMENT=5 ;

--
-- Dumping data for table `themes`
--

INSERT INTO `themes` (`id`, `name`, `date_add`, `date_update`, `creator`, `folder`, `is_active`, `is_current`) VALUES
(1, 'Theme 1', '2011-02-21', '2011-02-21', 'henry', 'theme1', 1, 0),
(2, 'Theme 2', '2011-02-21', '2011-02-21', 'henry', 'theme2', 1, 1),
(4, 'Theme 4', '2011-03-18', '2011-03-18', 'yudha', 'theme4', 1, 1),
(3, 'Theme 3', '2011-03-16', '2011-02-16', 'yudha', 'theme3', 1, 0);

/*!40101 SET CHARACTER_SET_CLIENT=@OLD_CHARACTER_SET_CLIENT */;
/*!40101 SET CHARACTER_SET_RESULTS=@OLD_CHARACTER_SET_RESULTS */;
/*!40101 SET COLLATION_CONNECTION=@OLD_COLLATION_CONNECTION */;
